-- --------------------------------------------------------
-- Host:                         127.0.0.1
-- Server version:               8.0.31 - MySQL Community Server - GPL
-- Server OS:                    Win64
-- HeidiSQL Version:             11.3.0.6295
-- --------------------------------------------------------

/*!40101 SET @OLD_CHARACTER_SET_CLIENT=@@CHARACTER_SET_CLIENT */;
/*!40101 SET NAMES utf8 */;
/*!50503 SET NAMES utf8mb4 */;
/*!40014 SET @OLD_FOREIGN_KEY_CHECKS=@@FOREIGN_KEY_CHECKS, FOREIGN_KEY_CHECKS=0 */;
/*!40101 SET @OLD_SQL_MODE=@@SQL_MODE, SQL_MODE='NO_AUTO_VALUE_ON_ZERO' */;
/*!40111 SET @OLD_SQL_NOTES=@@SQL_NOTES, SQL_NOTES=0 */;


-- Dumping database structure for snowtricks
CREATE DATABASE IF NOT EXISTS `snowtricks` /*!40100 DEFAULT CHARACTER SET utf8mb4 COLLATE utf8mb4_0900_ai_ci */ /*!80016 DEFAULT ENCRYPTION='N' */;
USE `snowtricks`;

-- Dumping structure for table snowtricks.comment
CREATE TABLE IF NOT EXISTS `comment` (
  `id` int NOT NULL AUTO_INCREMENT,
  `author_id` int DEFAULT NULL,
  `trick_id` int NOT NULL,
  `content` varchar(255) COLLATE utf8mb4_unicode_ci NOT NULL,
  `created_at` datetime NOT NULL DEFAULT CURRENT_TIMESTAMP COMMENT '(DC2Type:datetime_immutable)',
  PRIMARY KEY (`id`),
  KEY `IDX_9474526CF675F31B` (`author_id`),
  KEY `IDX_9474526CB281BE2E` (`trick_id`),
  CONSTRAINT `FK_9474526CB281BE2E` FOREIGN KEY (`trick_id`) REFERENCES `trick` (`id`),
  CONSTRAINT `FK_9474526CF675F31B` FOREIGN KEY (`author_id`) REFERENCES `user` (`id`)
) ENGINE=InnoDB AUTO_INCREMENT=1001 DEFAULT CHARSET=utf8mb4 COLLATE=utf8mb4_unicode_ci;

-- Dumping data for table snowtricks.comment: ~1,000 rows (approximately)
DELETE FROM `comment`;
/*!40000 ALTER TABLE `comment` DISABLE KEYS */;
INSERT INTO `comment` (`id`, `author_id`, `trick_id`, `content`, `created_at`) VALUES
	(1, 9, 39, 'Velit modi corporis eos possimus nam possimus.', '2023-03-22 02:56:41'),
	(2, 2, 32, 'Soluta dignissimos blanditiis nulla fugit.', '2023-03-22 02:56:41'),
	(3, 11, 35, 'Sit harum quidem sit.', '2023-03-22 02:56:41'),
	(4, 10, 25, 'Pariatur a atque harum non earum.', '2023-03-22 02:56:41'),
	(5, 11, 10, 'Aliquam quia quam velit nisi est omnis.', '2023-03-22 02:56:41'),
	(6, 2, 45, 'Vel illum esse omnis quia rerum atque.', '2023-03-22 02:56:41'),
	(7, 8, 40, 'Labore voluptates iste nostrum est id illum.', '2023-03-22 02:56:41'),
	(8, 9, 38, 'Architecto iste libero sunt vero.', '2023-03-22 02:56:41'),
	(9, 9, 25, 'Alias voluptatem sit libero.', '2023-03-22 02:56:41'),
	(10, 3, 45, 'Sed et in eum eum.', '2023-03-22 02:56:41'),
	(11, 9, 7, 'Ut commodi eos a cumque libero iure.', '2023-03-22 02:56:41'),
	(12, 2, 40, 'Sit amet perspiciatis iure quibusdam.', '2023-03-22 02:56:41'),
	(13, 6, 1, 'Porro iusto tenetur quasi iure.', '2023-03-22 02:56:41'),
	(14, 8, 30, 'Sed ea officiis esse corrupti consequatur.', '2023-03-22 02:56:41'),
	(15, 5, 40, 'Molestiae omnis harum vel aperiam amet explicabo.', '2023-03-22 02:56:41'),
	(16, 3, 5, 'Distinctio qui dicta aut illum ipsa accusantium.', '2023-03-22 02:56:41'),
	(17, 4, 39, 'Minima odio architecto nemo magnam.', '2023-03-22 02:56:41'),
	(18, 2, 29, 'Nisi vitae sint qui ad.', '2023-03-22 02:56:41'),
	(19, 10, 3, 'Sint eveniet eum eum.', '2023-03-22 02:56:41'),
	(20, 10, 36, 'Beatae optio quod corporis officia sint.', '2023-03-22 02:56:41'),
	(21, 6, 40, 'Hic et doloribus nihil consequatur totam quis et.', '2023-03-22 02:56:41'),
	(22, 8, 14, 'Expedita aut incidunt modi delectus aut debitis.', '2023-03-22 02:56:41'),
	(23, 2, 17, 'Error eum ut molestias laborum dignissimos.', '2023-03-22 02:56:41'),
	(24, 9, 9, 'Est quo voluptatibus eaque non sed.', '2023-03-22 02:56:41'),
	(25, 9, 21, 'Similique expedita est aliquam modi quaerat.', '2023-03-22 02:56:41'),
	(26, 8, 25, 'Nulla voluptatem culpa et voluptatem rerum.', '2023-03-22 02:56:41'),
	(27, 6, 44, 'Et excepturi repellendus delectus et laboriosam.', '2023-03-22 02:56:41'),
	(28, 5, 21, 'At sed id illo maiores earum cupiditate quis.', '2023-03-22 02:56:41'),
	(29, 8, 22, 'Officiis nemo ut a sunt.', '2023-03-22 02:56:41'),
	(30, 11, 10, 'Qui nesciunt beatae ad nemo.', '2023-03-22 02:56:41'),
	(31, 7, 20, 'Dolore dolor ducimus saepe et.', '2023-03-22 02:56:41'),
	(32, 2, 12, 'Ut quo delectus et occaecati tenetur aut ut.', '2023-03-22 02:56:41'),
	(33, 9, 39, 'Sed itaque quia expedita.', '2023-03-22 02:56:41'),
	(34, 7, 18, 'Qui eligendi quas a.', '2023-03-22 02:56:41'),
	(35, 7, 24, 'Nobis et ut sit dolores a harum eius.', '2023-03-22 02:56:41'),
	(36, 2, 7, 'Velit quaerat distinctio facere enim rem.', '2023-03-22 02:56:41'),
	(37, 9, 22, 'Omnis ut natus quibusdam fugit harum culpa iure.', '2023-03-22 02:56:41'),
	(38, 6, 7, 'Et possimus exercitationem ducimus.', '2023-03-22 02:56:41'),
	(39, 8, 22, 'Minus laborum est voluptatem aut amet.', '2023-03-22 02:56:41'),
	(40, 10, 40, 'Accusamus similique illo omnis.', '2023-03-22 02:56:41'),
	(41, 5, 37, 'Tempore ullam sed assumenda nesciunt occaecati.', '2023-03-22 02:56:41'),
	(42, 11, 24, 'Voluptatem facere dolorem eum vel impedit.', '2023-03-22 02:56:41'),
	(43, 10, 20, 'Dolore possimus non dolore labore.', '2023-03-22 02:56:41'),
	(44, 7, 31, 'Qui qui et minima qui.', '2023-03-22 02:56:41'),
	(45, 11, 34, 'Natus nihil provident dolore ipsum.', '2023-03-22 02:56:41'),
	(46, 7, 4, 'Consequuntur est et commodi in eum.', '2023-03-22 02:56:41'),
	(47, 8, 27, 'Doloribus eius qui quisquam non ut dolores.', '2023-03-22 02:56:41'),
	(48, 4, 42, 'Ut aut qui aut voluptas ut ipsa ad illum.', '2023-03-22 02:56:41'),
	(49, 5, 39, 'Asperiores et et quam officiis occaecati.', '2023-03-22 02:56:41'),
	(50, 4, 38, 'Enim quibusdam omnis et sit ad nisi.', '2023-03-22 02:56:41'),
	(51, 8, 6, 'Delectus cumque ut non fuga.', '2023-03-22 02:56:41'),
	(52, 3, 8, 'Tempora sunt ea sapiente at quos.', '2023-03-22 02:56:41'),
	(53, 10, 9, 'Nostrum maxime veritatis sit sed.', '2023-03-22 02:56:41'),
	(54, 6, 28, 'Optio et eveniet eos eveniet.', '2023-03-22 02:56:41'),
	(55, 3, 37, 'Sint ipsa ea non et alias voluptatibus et.', '2023-03-22 02:56:41'),
	(56, 4, 45, 'Quod aut sed sed facilis.', '2023-03-22 02:56:41'),
	(57, 5, 6, 'Consectetur et atque labore voluptatem id.', '2023-03-22 02:56:41'),
	(58, 11, 6, 'Ut id ipsa quae earum inventore.', '2023-03-22 02:56:41'),
	(59, 3, 16, 'Beatae libero laudantium eligendi.', '2023-03-22 02:56:41'),
	(60, 2, 9, 'Molestiae non ut expedita ex quia.', '2023-03-22 02:56:41'),
	(61, 6, 7, 'Laudantium sapiente magni enim illum.', '2023-03-22 02:56:41'),
	(62, 5, 33, 'Iste ratione esse at ratione dolore.', '2023-03-22 02:56:41'),
	(63, 10, 16, 'Atque corporis ut explicabo saepe.', '2023-03-22 02:56:41'),
	(64, 2, 4, 'Molestiae eaque sed qui qui natus.', '2023-03-22 02:56:41'),
	(65, 5, 42, 'Rerum et eaque earum blanditiis ducimus.', '2023-03-22 02:56:41'),
	(66, 4, 29, 'Eius quo alias repellat quasi veritatis et eius.', '2023-03-22 02:56:41'),
	(67, 4, 9, 'Veritatis libero et et omnis est vel.', '2023-03-22 02:56:41'),
	(68, 7, 40, 'Et qui dolorem fuga rerum unde officia.', '2023-03-22 02:56:41'),
	(69, 8, 17, 'Similique eos quis voluptatem non autem.', '2023-03-22 02:56:41'),
	(70, 5, 9, 'Distinctio est ea eum eum omnis necessitatibus.', '2023-03-22 02:56:41'),
	(71, 2, 28, 'Dolores aperiam veniam ad qui dolor sed.', '2023-03-22 02:56:41'),
	(72, 11, 45, 'Iste vero quia laborum sed laboriosam et sint.', '2023-03-22 02:56:41'),
	(73, 9, 21, 'Quod dolorum assumenda eius laudantium voluptas.', '2023-03-22 02:56:41'),
	(74, 10, 39, 'Dolor odio ipsam architecto id.', '2023-03-22 02:56:41'),
	(75, 5, 22, 'Consectetur maiores quos quia repellat unde.', '2023-03-22 02:56:41'),
	(76, 10, 25, 'Quas incidunt repudiandae modi nesciunt ex in.', '2023-03-22 02:56:41'),
	(77, 11, 5, 'Vel veritatis in et veniam.', '2023-03-22 02:56:41'),
	(78, 6, 6, 'Modi incidunt aut minus ex quia officiis.', '2023-03-22 02:56:41'),
	(79, 8, 41, 'Minus cum voluptas perferendis in earum.', '2023-03-22 02:56:41'),
	(80, 5, 12, 'Atque autem omnis odit maxime sequi.', '2023-03-22 02:56:41'),
	(81, 3, 24, 'Nulla omnis ratione delectus tempore.', '2023-03-22 02:56:41'),
	(82, 5, 45, 'Nulla sed fugit velit laudantium consequatur.', '2023-03-22 02:56:41'),
	(83, 2, 2, 'Pariatur quas sapiente veniam voluptatibus.', '2023-03-22 02:56:41'),
	(84, 10, 13, 'Magnam cum ut sequi.', '2023-03-22 02:56:41'),
	(85, 6, 42, 'Expedita ea unde autem.', '2023-03-22 02:56:41'),
	(86, 4, 29, 'Ut cupiditate et sed temporibus amet non quia.', '2023-03-22 02:56:41'),
	(87, 4, 34, 'Quis alias quia harum eaque sint illo.', '2023-03-22 02:56:41'),
	(88, 3, 30, 'Consequatur fuga temporibus aut occaecati ad.', '2023-03-22 02:56:41'),
	(89, 7, 36, 'Iure quia saepe ipsum.', '2023-03-22 02:56:41'),
	(90, 3, 3, 'Rerum ab debitis fuga amet et nihil.', '2023-03-22 02:56:41'),
	(91, 7, 40, 'At voluptas ea magni dolores quasi nostrum.', '2023-03-22 02:56:41'),
	(92, 7, 19, 'Illo mollitia qui aperiam.', '2023-03-22 02:56:41'),
	(93, 2, 38, 'Et ex ab ducimus porro.', '2023-03-22 02:56:41'),
	(94, 5, 9, 'Atque maxime voluptas tempora asperiores.', '2023-03-22 02:56:41'),
	(95, 3, 6, 'Omnis numquam molestiae qui similique impedit et.', '2023-03-22 02:56:41'),
	(96, 9, 40, 'Voluptas ut corporis laboriosam expedita.', '2023-03-22 02:56:41'),
	(97, 2, 45, 'Qui aut cum nam libero.', '2023-03-22 02:56:41'),
	(98, 10, 30, 'Optio optio enim rerum.', '2023-03-22 02:56:41'),
	(99, 10, 45, 'Et at et nostrum nihil.', '2023-03-22 02:56:41'),
	(100, 6, 24, 'Sit animi voluptatem maiores aut.', '2023-03-22 02:56:41'),
	(101, 11, 8, 'Unde harum doloribus qui occaecati maxime autem.', '2023-03-22 02:56:41'),
	(102, 7, 31, 'Assumenda est sint voluptas voluptas dicta ipsam.', '2023-03-22 02:56:41'),
	(103, 3, 30, 'Ut adipisci eos non vel sunt.', '2023-03-22 02:56:41'),
	(104, 2, 41, 'Cupiditate et ex illum placeat iure quod aut.', '2023-03-22 02:56:41'),
	(105, 5, 14, 'Dolore dolorem aliquam et vel inventore.', '2023-03-22 02:56:41'),
	(106, 7, 32, 'Quia eum ducimus natus id.', '2023-03-22 02:56:41'),
	(107, 10, 9, 'Ea nobis quia inventore sit omnis sapiente.', '2023-03-22 02:56:41'),
	(108, 5, 5, 'Reiciendis ipsum molestias omnis tempore.', '2023-03-22 02:56:41'),
	(109, 11, 28, 'At reiciendis eligendi commodi magni quia.', '2023-03-22 02:56:41'),
	(110, 11, 26, 'Voluptas quo ut debitis cumque est ea illum.', '2023-03-22 02:56:41'),
	(111, 6, 42, 'Est recusandae esse voluptate et aut ipsum quo.', '2023-03-22 02:56:41'),
	(112, 6, 12, 'Non voluptatem cum sint fugiat.', '2023-03-22 02:56:41'),
	(113, 7, 25, 'Odio corrupti et voluptatem sit.', '2023-03-22 02:56:41'),
	(114, 9, 18, 'Ratione minus ut earum reprehenderit.', '2023-03-22 02:56:41'),
	(115, 3, 23, 'Et fugiat aliquid sunt.', '2023-03-22 02:56:41'),
	(116, 11, 22, 'Cumque vero eligendi aut similique.', '2023-03-22 02:56:41'),
	(117, 11, 30, 'Vel placeat aliquid veritatis rem.', '2023-03-22 02:56:41'),
	(118, 5, 13, 'Aut vero quo et quia.', '2023-03-22 02:56:41'),
	(119, 5, 26, 'Dolores facere fugiat asperiores.', '2023-03-22 02:56:41'),
	(120, 2, 4, 'Maiores et maxime et id iure.', '2023-03-22 02:56:41'),
	(121, 8, 42, 'Id eum doloremque nisi minima odio similique.', '2023-03-22 02:56:41'),
	(122, 2, 12, 'Necessitatibus harum et consequatur quia eum.', '2023-03-22 02:56:41'),
	(123, 3, 6, 'In sunt voluptates sunt ipsa temporibus et.', '2023-03-22 02:56:41'),
	(124, 7, 37, 'Vel atque impedit beatae sit omnis.', '2023-03-22 02:56:41'),
	(125, 4, 11, 'Delectus vel enim nam omnis sit.', '2023-03-22 02:56:41'),
	(126, 6, 28, 'Animi blanditiis ut sequi maxime et ex.', '2023-03-22 02:56:41'),
	(127, 2, 8, 'Pariatur beatae sed reprehenderit aspernatur.', '2023-03-22 02:56:41'),
	(128, 9, 20, 'Voluptas quis itaque ut.', '2023-03-22 02:56:41'),
	(129, 9, 35, 'Incidunt sequi ipsa ut.', '2023-03-22 02:56:41'),
	(130, 2, 4, 'Odio quos omnis maxime et.', '2023-03-22 02:56:41'),
	(131, 8, 45, 'Vitae ut quia error.', '2023-03-22 02:56:41'),
	(132, 6, 42, 'Ad illum sed ducimus ipsam id quaerat.', '2023-03-22 02:56:41'),
	(133, 9, 29, 'Architecto aut explicabo a nihil ex quia porro.', '2023-03-22 02:56:41'),
	(134, 3, 19, 'Odit occaecati omnis voluptatum.', '2023-03-22 02:56:41'),
	(135, 9, 43, 'Quis veniam quis provident autem.', '2023-03-22 02:56:41'),
	(136, 4, 3, 'Eos consequuntur cupiditate itaque hic iste et.', '2023-03-22 02:56:41'),
	(137, 5, 2, 'Est autem aut molestias dolorem qui.', '2023-03-22 02:56:41'),
	(138, 3, 23, 'Sed facere natus animi rem consectetur et.', '2023-03-22 02:56:41'),
	(139, 10, 1, 'Amet et maxime qui consequatur rerum cum ut.', '2023-03-22 02:56:41'),
	(140, 8, 25, 'Quidem quos nobis vel suscipit.', '2023-03-22 02:56:41'),
	(141, 2, 22, 'Neque numquam commodi quibusdam ut tempora.', '2023-03-22 02:56:41'),
	(142, 9, 17, 'Blanditiis ipsum quae eos alias.', '2023-03-22 02:56:41'),
	(143, 2, 38, 'Sunt quo soluta dolorem maiores.', '2023-03-22 02:56:41'),
	(144, 9, 5, 'Autem sit perferendis expedita sed.', '2023-03-22 02:56:41'),
	(145, 3, 36, 'Eum asperiores et molestiae dolorum fugit.', '2023-03-22 02:56:41'),
	(146, 5, 4, 'Qui est inventore numquam.', '2023-03-22 02:56:41'),
	(147, 7, 28, 'Ut corrupti doloremque nam provident velit.', '2023-03-22 02:56:41'),
	(148, 8, 19, 'Dolore cum natus fugiat et ea suscipit autem.', '2023-03-22 02:56:41'),
	(149, 3, 9, 'Sunt et vel perferendis alias quidem.', '2023-03-22 02:56:41'),
	(150, 6, 1, 'Et quod odit et iste tempora et corporis iure.', '2023-03-22 02:56:41'),
	(151, 2, 39, 'Eveniet et omnis labore ad quibusdam aut.', '2023-03-22 02:56:41'),
	(152, 10, 28, 'Id voluptatem est aliquid sit sit enim.', '2023-03-22 02:56:41'),
	(153, 7, 25, 'Minus est et et hic quis.', '2023-03-22 02:56:41'),
	(154, 2, 20, 'Vero id ut sit illum.', '2023-03-22 02:56:41'),
	(155, 2, 29, 'Quam ut soluta sed reprehenderit.', '2023-03-22 02:56:41'),
	(156, 9, 3, 'Architecto modi animi velit maxime.', '2023-03-22 02:56:41'),
	(157, 11, 28, 'Ut optio possimus velit quo.', '2023-03-22 02:56:41'),
	(158, 6, 23, 'Eos et minima aut.', '2023-03-22 02:56:41'),
	(159, 8, 32, 'Ipsum ut qui eos distinctio amet eos eaque ut.', '2023-03-22 02:56:41'),
	(160, 9, 14, 'Nesciunt blanditiis nam aut alias eum.', '2023-03-22 02:56:41'),
	(161, 7, 33, 'Officia voluptatem et tenetur vel iusto.', '2023-03-22 02:56:41'),
	(162, 4, 15, 'Eius consequuntur unde est porro enim est.', '2023-03-22 02:56:41'),
	(163, 2, 2, 'Quia eius odio omnis quia.', '2023-03-22 02:56:41'),
	(164, 3, 10, 'Laboriosam aut provident velit.', '2023-03-22 02:56:41'),
	(165, 3, 5, 'Est tempore ducimus et soluta ea dolorem.', '2023-03-22 02:56:41'),
	(166, 10, 11, 'Quisquam illum sit vitae dolorum.', '2023-03-22 02:56:41'),
	(167, 9, 24, 'Accusamus dignissimos in inventore recusandae.', '2023-03-22 02:56:41'),
	(168, 2, 6, 'Illo reprehenderit voluptatum dolores aperiam.', '2023-03-22 02:56:41'),
	(169, 11, 12, 'Sequi corrupti quia sit et explicabo et.', '2023-03-22 02:56:41'),
	(170, 6, 44, 'Quos itaque expedita voluptate.', '2023-03-22 02:56:41'),
	(171, 5, 9, 'Consectetur modi quod quia.', '2023-03-22 02:56:41'),
	(172, 4, 19, 'Repellendus natus et laudantium corporis.', '2023-03-22 02:56:41'),
	(173, 2, 17, 'Ipsa in omnis assumenda at aut sint.', '2023-03-22 02:56:41'),
	(174, 4, 28, 'Nihil quia consequatur enim.', '2023-03-22 02:56:41'),
	(175, 7, 12, 'Sunt quo doloremque facere quasi.', '2023-03-22 02:56:41'),
	(176, 5, 36, 'Deserunt ut vero et rerum quidem.', '2023-03-22 02:56:41'),
	(177, 10, 33, 'Aut culpa non maxime non.', '2023-03-22 02:56:41'),
	(178, 2, 45, 'Optio consequuntur ex dicta explicabo.', '2023-03-22 02:56:41'),
	(179, 2, 4, 'Omnis explicabo occaecati ut perspiciatis.', '2023-03-22 02:56:41'),
	(180, 7, 25, 'Corrupti sed vero maiores sit omnis voluptatibus.', '2023-03-22 02:56:41'),
	(181, 8, 8, 'Quia velit vitae quae.', '2023-03-22 02:56:41'),
	(182, 11, 41, 'Eum sunt rem sint rerum adipisci.', '2023-03-22 02:56:41'),
	(183, 6, 38, 'Voluptas mollitia cupiditate blanditiis est aut.', '2023-03-22 02:56:41'),
	(184, 5, 29, 'Officia repellat rerum ratione nulla eligendi.', '2023-03-22 02:56:41'),
	(185, 4, 8, 'Et et expedita laboriosam.', '2023-03-22 02:56:41'),
	(186, 4, 6, 'Et quis assumenda excepturi.', '2023-03-22 02:56:41'),
	(187, 7, 1, 'Eius non commodi laborum.', '2023-03-22 02:56:41'),
	(188, 3, 8, 'Omnis optio aut occaecati at labore.', '2023-03-22 02:56:41'),
	(189, 8, 23, 'Inventore assumenda et hic architecto.', '2023-03-22 02:56:41'),
	(190, 11, 5, 'Saepe quaerat dolor distinctio et.', '2023-03-22 02:56:41'),
	(191, 2, 9, 'Assumenda iusto corporis voluptates ut minima.', '2023-03-22 02:56:41'),
	(192, 11, 39, 'Itaque et quas animi impedit beatae.', '2023-03-22 02:56:41'),
	(193, 10, 22, 'A itaque eveniet minus.', '2023-03-22 02:56:41'),
	(194, 9, 18, 'Optio tempora mollitia iusto.', '2023-03-22 02:56:41'),
	(195, 11, 22, 'Commodi quasi autem nulla sunt.', '2023-03-22 02:56:41'),
	(196, 3, 14, 'Et sint vitae ut itaque ullam vitae non sit.', '2023-03-22 02:56:41'),
	(197, 10, 20, 'Magnam eius in atque natus.', '2023-03-22 02:56:41'),
	(198, 5, 36, 'Molestiae reprehenderit iure voluptate.', '2023-03-22 02:56:41'),
	(199, 10, 13, 'Quia quo repellat dolorem perspiciatis.', '2023-03-22 02:56:41'),
	(200, 7, 36, 'Voluptatem ut dolor distinctio sunt qui nemo quo.', '2023-03-22 02:56:41'),
	(201, 11, 43, 'Aut nam earum delectus error nihil illum.', '2023-03-22 02:56:41'),
	(202, 8, 31, 'Nulla et dolorem aut deleniti nisi.', '2023-03-22 02:56:41'),
	(203, 10, 34, 'Id ducimus eius eaque aut.', '2023-03-22 02:56:41'),
	(204, 4, 45, 'Minima sunt dicta consequatur quasi illo.', '2023-03-22 02:56:41'),
	(205, 6, 25, 'Qui ipsa nisi non eius voluptas repellendus.', '2023-03-22 02:56:41'),
	(206, 6, 35, 'Iusto et tenetur ut magnam.', '2023-03-22 02:56:41'),
	(207, 2, 27, 'Quia quos molestias accusamus accusamus.', '2023-03-22 02:56:41'),
	(208, 3, 23, 'Exercitationem quae quia deleniti est debitis.', '2023-03-22 02:56:41'),
	(209, 10, 8, 'Necessitatibus maiores numquam fugit rerum.', '2023-03-22 02:56:41'),
	(210, 8, 25, 'Possimus aspernatur nisi et et beatae.', '2023-03-22 02:56:41'),
	(211, 11, 43, 'Cum maiores ipsum est exercitationem voluptatem.', '2023-03-22 02:56:41'),
	(212, 8, 33, 'Distinctio quidem quae et in.', '2023-03-22 02:56:41'),
	(213, 7, 38, 'Et magnam quis atque sint delectus.', '2023-03-22 02:56:41'),
	(214, 5, 28, 'Sit ab consequuntur qui quia.', '2023-03-22 02:56:41'),
	(215, 4, 22, 'Ut ipsa id earum praesentium corporis tempora.', '2023-03-22 02:56:41'),
	(216, 10, 16, 'Error quia vel aliquid magnam recusandae.', '2023-03-22 02:56:41'),
	(217, 2, 7, 'Qui ea nihil quam dolore ea accusamus.', '2023-03-22 02:56:41'),
	(218, 10, 41, 'Facilis rem numquam qui quia sit ut nam.', '2023-03-22 02:56:41'),
	(219, 3, 35, 'Blanditiis quis et aut temporibus recusandae.', '2023-03-22 02:56:41'),
	(220, 9, 9, 'Minima sint saepe ex et repellat sed reiciendis.', '2023-03-22 02:56:41'),
	(221, 5, 37, 'Sint ut placeat incidunt qui.', '2023-03-22 02:56:41'),
	(222, 11, 14, 'Voluptatem distinctio quod et dolorem.', '2023-03-22 02:56:41'),
	(223, 9, 6, 'Placeat exercitationem nulla consectetur alias.', '2023-03-22 02:56:41'),
	(224, 4, 44, 'Enim vero maxime quae aut voluptate.', '2023-03-22 02:56:41'),
	(225, 3, 29, 'Quia dolor dolor iure totam.', '2023-03-22 02:56:41'),
	(226, 11, 8, 'Fugiat quos rerum est itaque.', '2023-03-22 02:56:41'),
	(227, 10, 14, 'Sint alias ut esse quod voluptate maxime.', '2023-03-22 02:56:41'),
	(228, 3, 1, 'Maiores quod amet totam.', '2023-03-22 02:56:41'),
	(229, 7, 25, 'Sint vel nulla illo molestiae accusamus eos.', '2023-03-22 02:56:41'),
	(230, 9, 1, 'Itaque dolorum error nam voluptas.', '2023-03-22 02:56:41'),
	(231, 8, 22, 'Vitae ea dolorum quae id beatae.', '2023-03-22 02:56:41'),
	(232, 4, 25, 'Possimus ut rerum magni nisi.', '2023-03-22 02:56:41'),
	(233, 8, 36, 'Maiores maxime facere sit magni.', '2023-03-22 02:56:41'),
	(234, 5, 5, 'Ut est qui voluptatum blanditiis ex qui velit.', '2023-03-22 02:56:41'),
	(235, 3, 20, 'Porro facere eos sed voluptas deleniti.', '2023-03-22 02:56:41'),
	(236, 4, 35, 'Et nemo voluptatibus officiis.', '2023-03-22 02:56:41'),
	(237, 8, 33, 'Odio velit ipsum laudantium et inventore et non.', '2023-03-22 02:56:41'),
	(238, 4, 29, 'Dolorem ipsum dicta ut facilis harum aut.', '2023-03-22 02:56:41'),
	(239, 10, 25, 'Eum mollitia nesciunt unde ut doloribus.', '2023-03-22 02:56:41'),
	(240, 6, 1, 'Incidunt atque iste consectetur eos odio facere.', '2023-03-22 02:56:41'),
	(241, 8, 12, 'In iure doloremque repudiandae vel cumque quasi.', '2023-03-22 02:56:41'),
	(242, 10, 39, 'Voluptatem sit neque magni dolores dicta quia ut.', '2023-03-22 02:56:41'),
	(243, 3, 44, 'Et est iste nulla sed dolorem inventore.', '2023-03-22 02:56:41'),
	(244, 11, 19, 'Eveniet accusantium voluptate ratione dicta.', '2023-03-22 02:56:41'),
	(245, 4, 31, 'Enim totam itaque qui nihil aut.', '2023-03-22 02:56:41'),
	(246, 9, 37, 'Suscipit et ea nulla commodi.', '2023-03-22 02:56:41'),
	(247, 6, 35, 'Et minus aut quisquam et.', '2023-03-22 02:56:41'),
	(248, 11, 3, 'Ullam velit recusandae quae.', '2023-03-22 02:56:41'),
	(249, 10, 21, 'Provident ut aut aut enim.', '2023-03-22 02:56:41'),
	(250, 2, 21, 'Libero iste accusamus eos ut doloribus sit qui.', '2023-03-22 02:56:41'),
	(251, 7, 23, 'Unde quam sit voluptatem ad.', '2023-03-22 02:56:41'),
	(252, 5, 21, 'Aut excepturi quia quam error quidem iusto.', '2023-03-22 02:56:41'),
	(253, 10, 11, 'Hic enim dignissimos sed labore cupiditate.', '2023-03-22 02:56:41'),
	(254, 5, 40, 'Qui rerum omnis porro aut voluptatem.', '2023-03-22 02:56:41'),
	(255, 4, 42, 'Tempora odio odit eos animi officiis.', '2023-03-22 02:56:41'),
	(256, 10, 15, 'Sed quibusdam voluptatem aspernatur commodi.', '2023-03-22 02:56:41'),
	(257, 7, 38, 'Deleniti quas asperiores et soluta.', '2023-03-22 02:56:41'),
	(258, 4, 39, 'Vel laborum voluptatem velit et.', '2023-03-22 02:56:41'),
	(259, 6, 45, 'Exercitationem nulla sed odio sequi nemo.', '2023-03-22 02:56:41'),
	(260, 9, 16, 'Blanditiis ut in sequi. Cum omnis dicta nemo aut.', '2023-03-22 02:56:41'),
	(261, 6, 40, 'Commodi maiores et pariatur.', '2023-03-22 02:56:41'),
	(262, 6, 10, 'Est dolorum ex inventore veritatis culpa.', '2023-03-22 02:56:41'),
	(263, 6, 32, 'Quae repellendus quam odit consectetur est fuga.', '2023-03-22 02:56:41'),
	(264, 11, 32, 'Qui et iure quod rerum voluptatem temporibus.', '2023-03-22 02:56:41'),
	(265, 8, 15, 'Aut molestias voluptates officiis velit dicta.', '2023-03-22 02:56:41'),
	(266, 8, 12, 'Aspernatur autem recusandae nesciunt voluptatem.', '2023-03-22 02:56:41'),
	(267, 9, 42, 'Deserunt impedit ex quas aut hic optio dolore.', '2023-03-22 02:56:41'),
	(268, 11, 11, 'Vero quis delectus quis soluta.', '2023-03-22 02:56:41'),
	(269, 11, 40, 'Rerum magnam et doloribus quo earum non vel.', '2023-03-22 02:56:41'),
	(270, 5, 26, 'Velit cum aut sit quo enim quia.', '2023-03-22 02:56:41'),
	(271, 3, 8, 'Qui aperiam rerum debitis quos.', '2023-03-22 02:56:41'),
	(272, 10, 10, 'Aliquid enim enim velit sint temporibus ipsam.', '2023-03-22 02:56:41'),
	(273, 10, 16, 'Consectetur quia doloribus voluptate dicta culpa.', '2023-03-22 02:56:41'),
	(274, 10, 36, 'Voluptas dolor ab iste repellat quis.', '2023-03-22 02:56:41'),
	(275, 10, 29, 'Consectetur consectetur qui a ut ut.', '2023-03-22 02:56:41'),
	(276, 11, 22, 'Maxime blanditiis quo necessitatibus quaerat aut.', '2023-03-22 02:56:41'),
	(277, 6, 21, 'Ut beatae quia et voluptatem.', '2023-03-22 02:56:41'),
	(278, 11, 6, 'Sunt et iure vitae minus.', '2023-03-22 02:56:41'),
	(279, 7, 1, 'Aut minus neque eveniet consectetur.', '2023-03-22 02:56:41'),
	(280, 6, 40, 'Incidunt nisi sit nam aut et nisi expedita.', '2023-03-22 02:56:41'),
	(281, 6, 25, 'Voluptatem iste modi quam.', '2023-03-22 02:56:41'),
	(282, 8, 11, 'Quasi laborum qui deserunt et.', '2023-03-22 02:56:41'),
	(283, 9, 3, 'Saepe doloribus assumenda animi non voluptatem.', '2023-03-22 02:56:41'),
	(284, 8, 13, 'Adipisci molestias in qui tenetur voluptas atque.', '2023-03-22 02:56:41'),
	(285, 10, 21, 'Voluptas qui eligendi cum.', '2023-03-22 02:56:41'),
	(286, 9, 15, 'Molestiae voluptatibus vel rerum quod.', '2023-03-22 02:56:41'),
	(287, 11, 9, 'Perspiciatis tenetur distinctio sapiente.', '2023-03-22 02:56:41'),
	(288, 4, 26, 'Vel animi qui nam. Voluptas ea nemo numquam.', '2023-03-22 02:56:41'),
	(289, 3, 44, 'Occaecati eos est libero doloremque ipsa.', '2023-03-22 02:56:41'),
	(290, 9, 31, 'Placeat et vel pariatur maxime facere corrupti.', '2023-03-22 02:56:41'),
	(291, 6, 16, 'Consequatur voluptate dolorem ut.', '2023-03-22 02:56:41'),
	(292, 6, 6, 'Et incidunt a quae eos eos.', '2023-03-22 02:56:41'),
	(293, 10, 6, 'Suscipit ipsum dolor laborum.', '2023-03-22 02:56:41'),
	(294, 10, 9, 'Aut id non molestiae ipsum asperiores.', '2023-03-22 02:56:41'),
	(295, 10, 31, 'Sit vel voluptatem delectus quam.', '2023-03-22 02:56:41'),
	(296, 10, 24, 'Molestiae eos rerum id praesentium.', '2023-03-22 02:56:41'),
	(297, 7, 2, 'Quaerat numquam illo veritatis repellendus.', '2023-03-22 02:56:41'),
	(298, 2, 36, 'In quis quia corporis aliquid ex.', '2023-03-22 02:56:41'),
	(299, 6, 13, 'Est deleniti veniam aut nesciunt fugit dolor.', '2023-03-22 02:56:41'),
	(300, 10, 35, 'Eius voluptas nemo repellat ut.', '2023-03-22 02:56:41'),
	(301, 4, 17, 'Et eum in ea et dicta quis.', '2023-03-22 02:56:41'),
	(302, 6, 45, 'Animi maiores doloremque dolorem aut aut a.', '2023-03-22 02:56:41'),
	(303, 3, 38, 'Maxime provident nobis sit iusto omnis dolorem.', '2023-03-22 02:56:41'),
	(304, 6, 37, 'Voluptatem ut asperiores autem quia omnis aut.', '2023-03-22 02:56:41'),
	(305, 8, 18, 'At nobis autem eius eveniet et.', '2023-03-22 02:56:41'),
	(306, 7, 29, 'Sed ut aspernatur est sit.', '2023-03-22 02:56:41'),
	(307, 7, 15, 'Totam et qui dolore debitis asperiores eum iste.', '2023-03-22 02:56:41'),
	(308, 3, 22, 'Expedita et officia perspiciatis.', '2023-03-22 02:56:41'),
	(309, 4, 16, 'Non exercitationem qui quia cumque autem ab vel.', '2023-03-22 02:56:41'),
	(310, 8, 33, 'Magni et ea similique porro velit quae unde.', '2023-03-22 02:56:41'),
	(311, 6, 37, 'Rerum nesciunt cumque voluptatem id ipsum.', '2023-03-22 02:56:41'),
	(312, 4, 42, 'Error qui at non nam rerum dolorem at.', '2023-03-22 02:56:41'),
	(313, 9, 7, 'Quo ut quam unde magnam ab.', '2023-03-22 02:56:41'),
	(314, 7, 2, 'Sunt commodi eum sed non.', '2023-03-22 02:56:41'),
	(315, 7, 7, 'Delectus aliquam est sit aspernatur aut.', '2023-03-22 02:56:41'),
	(316, 8, 30, 'Est cumque iure inventore molestiae autem.', '2023-03-22 02:56:41'),
	(317, 9, 23, 'Accusamus ea fuga ea iste voluptatum.', '2023-03-22 02:56:41'),
	(318, 10, 39, 'Fugit veritatis magni omnis officiis.', '2023-03-22 02:56:41'),
	(319, 6, 6, 'Suscipit amet sit corporis.', '2023-03-22 02:56:41'),
	(320, 5, 5, 'Tempore est eos pariatur totam.', '2023-03-22 02:56:41'),
	(321, 9, 6, 'Corrupti voluptates rem et velit dignissimos.', '2023-03-22 02:56:41'),
	(322, 9, 1, 'Ut quis unde voluptatem aut quaerat doloremque.', '2023-03-22 02:56:41'),
	(323, 8, 15, 'Voluptatem voluptatem nobis at ut.', '2023-03-22 02:56:41'),
	(324, 9, 19, 'Et quam amet iure aliquid voluptatum eum.', '2023-03-22 02:56:41'),
	(325, 9, 10, 'Voluptatem quis saepe amet ratione aut ea quos.', '2023-03-22 02:56:41'),
	(326, 10, 15, 'Accusamus in suscipit aut eos.', '2023-03-22 02:56:41'),
	(327, 4, 20, 'Explicabo atque officiis ut ut alias quia totam.', '2023-03-22 02:56:41'),
	(328, 10, 36, 'Est quo et recusandae sequi.', '2023-03-22 02:56:41'),
	(329, 6, 37, 'Eos occaecati ipsa facilis et temporibus.', '2023-03-22 02:56:41'),
	(330, 11, 41, 'Quidem sint corrupti numquam molestiae et.', '2023-03-22 02:56:41'),
	(331, 6, 6, 'Saepe excepturi ea laboriosam autem.', '2023-03-22 02:56:41'),
	(332, 3, 11, 'Aut tenetur omnis nobis quo.', '2023-03-22 02:56:41'),
	(333, 3, 30, 'Voluptatem et voluptatem fugit eum.', '2023-03-22 02:56:41'),
	(334, 9, 24, 'A vel consequatur tenetur.', '2023-03-22 02:56:41'),
	(335, 11, 23, 'Ut nihil ullam aut repellendus nisi.', '2023-03-22 02:56:41'),
	(336, 5, 40, 'Iste molestias dolor expedita tempora et.', '2023-03-22 02:56:41'),
	(337, 11, 15, 'Velit amet nemo voluptates enim.', '2023-03-22 02:56:41'),
	(338, 2, 2, 'Neque quis ab molestiae.', '2023-03-22 02:56:41'),
	(339, 10, 30, 'Placeat vero maiores excepturi et.', '2023-03-22 02:56:41'),
	(340, 11, 25, 'Possimus dolores porro distinctio.', '2023-03-22 02:56:41'),
	(341, 9, 41, 'Tempore optio repellendus praesentium non non.', '2023-03-22 02:56:41'),
	(342, 6, 26, 'Est dolor illum earum alias in quidem ea dicta.', '2023-03-22 02:56:41'),
	(343, 7, 34, 'Aut debitis aut ut consequatur porro eos est eum.', '2023-03-22 02:56:41'),
	(344, 9, 28, 'Non et quia velit ipsum dolore delectus neque.', '2023-03-22 02:56:41'),
	(345, 9, 15, 'Eius mollitia quia eos. Ut nesciunt quae tempore.', '2023-03-22 02:56:41'),
	(346, 9, 15, 'Error reiciendis ea officiis qui.', '2023-03-22 02:56:41'),
	(347, 4, 44, 'Molestiae et et qui.', '2023-03-22 02:56:41'),
	(348, 3, 35, 'Sapiente est atque quia corporis.', '2023-03-22 02:56:41'),
	(349, 6, 39, 'At aut doloribus optio quis est ipsam molestias.', '2023-03-22 02:56:41'),
	(350, 2, 22, 'Numquam officia doloribus esse amet sapiente eum.', '2023-03-22 02:56:41'),
	(351, 8, 31, 'Dolore sed corrupti eius reprehenderit quisquam.', '2023-03-22 02:56:41'),
	(352, 9, 33, 'Ea est veniam aspernatur fugit ex.', '2023-03-22 02:56:41'),
	(353, 8, 39, 'Ut voluptas nihil quia voluptatem dolor.', '2023-03-22 02:56:41'),
	(354, 7, 21, 'Ut sunt ad aut.', '2023-03-22 02:56:41'),
	(355, 2, 35, 'Natus vitae aut magnam non et natus labore.', '2023-03-22 02:56:41'),
	(356, 11, 13, 'Nam aut sed non asperiores ducimus eveniet.', '2023-03-22 02:56:41'),
	(357, 3, 40, 'Harum ipsam aut illum dolorum dolorem iusto.', '2023-03-22 02:56:41'),
	(358, 8, 42, 'Ipsum fuga ullam sequi ullam.', '2023-03-22 02:56:41'),
	(359, 6, 17, 'Et reprehenderit maiores aut.', '2023-03-22 02:56:41'),
	(360, 7, 15, 'Autem autem dolores est quis rerum.', '2023-03-22 02:56:41'),
	(361, 7, 14, 'Ipsum est nisi quo et et.', '2023-03-22 02:56:41'),
	(362, 10, 7, 'Qui et eos aut eum autem.', '2023-03-22 02:56:41'),
	(363, 10, 4, 'Reiciendis quia quis quis quidem.', '2023-03-22 02:56:41'),
	(364, 11, 17, 'Mollitia adipisci quia harum quis.', '2023-03-22 02:56:41'),
	(365, 8, 20, 'Aperiam vel repellat hic quis.', '2023-03-22 02:56:41'),
	(366, 2, 3, 'Quis qui voluptas assumenda quo sed nam.', '2023-03-22 02:56:41'),
	(367, 6, 13, 'Reiciendis veniam sed provident ea commodi ad.', '2023-03-22 02:56:41'),
	(368, 11, 32, 'Saepe nemo eius reiciendis rem officia possimus.', '2023-03-22 02:56:41'),
	(369, 3, 20, 'Animi asperiores quis facere debitis quaerat.', '2023-03-22 02:56:41'),
	(370, 6, 4, 'Enim enim ex quo consequatur.', '2023-03-22 02:56:41'),
	(371, 7, 10, 'Explicabo et et enim modi ea.', '2023-03-22 02:56:41'),
	(372, 8, 16, 'Qui aut laudantium alias qui ipsum odio atque.', '2023-03-22 02:56:41'),
	(373, 10, 8, 'Labore dolor deserunt et natus sunt dicta.', '2023-03-22 02:56:41'),
	(374, 2, 43, 'Rerum eaque nesciunt et occaecati quo in.', '2023-03-22 02:56:41'),
	(375, 11, 39, 'Est est sit accusamus est.', '2023-03-22 02:56:41'),
	(376, 7, 41, 'Hic labore asperiores aut enim.', '2023-03-22 02:56:41'),
	(377, 11, 20, 'Et omnis qui qui ratione incidunt.', '2023-03-22 02:56:41'),
	(378, 9, 24, 'Et aut dolorem quam nam quasi laboriosam et.', '2023-03-22 02:56:41'),
	(379, 7, 37, 'Consequatur corporis quia occaecati.', '2023-03-22 02:56:41'),
	(380, 7, 28, 'Est omnis et eveniet sit.', '2023-03-22 02:56:41'),
	(381, 4, 40, 'Reprehenderit nihil quas nam ratione repellat.', '2023-03-22 02:56:41'),
	(382, 9, 23, 'Omnis esse aut distinctio animi quisquam.', '2023-03-22 02:56:41'),
	(383, 9, 12, 'Ipsum molestiae magni quis id architecto nobis.', '2023-03-22 02:56:41'),
	(384, 2, 43, 'Non quas quod id omnis.', '2023-03-22 02:56:41'),
	(385, 2, 45, 'Et doloribus sit accusamus quia alias.', '2023-03-22 02:56:41'),
	(386, 7, 4, 'Reprehenderit officiis fugit ea recusandae.', '2023-03-22 02:56:41'),
	(387, 7, 30, 'Illum quas similique itaque rerum sed corporis.', '2023-03-22 02:56:41'),
	(388, 2, 28, 'Sed sunt ut consequatur pariatur qui.', '2023-03-22 02:56:41'),
	(389, 11, 19, 'Autem numquam inventore veritatis asperiores.', '2023-03-22 02:56:41'),
	(390, 8, 17, 'Non veritatis similique cupiditate.', '2023-03-22 02:56:41'),
	(391, 10, 13, 'Et rerum nihil omnis dignissimos.', '2023-03-22 02:56:41'),
	(392, 5, 10, 'Vitae placeat animi vel totam.', '2023-03-22 02:56:41'),
	(393, 8, 14, 'Rerum nemo sed sit nihil nulla.', '2023-03-22 02:56:41'),
	(394, 11, 32, 'A hic culpa aut non.', '2023-03-22 02:56:41'),
	(395, 8, 10, 'Laudantium aperiam quod et vero.', '2023-03-22 02:56:41'),
	(396, 4, 31, 'Animi vel accusantium nemo dolor assumenda cum.', '2023-03-22 02:56:41'),
	(397, 11, 6, 'Ullam illo commodi quos quo nesciunt earum.', '2023-03-22 02:56:41'),
	(398, 8, 28, 'Similique in earum unde illo dolor voluptas qui.', '2023-03-22 02:56:41'),
	(399, 5, 21, 'Debitis quaerat quo harum.', '2023-03-22 02:56:41'),
	(400, 6, 33, 'Eos dolor aut quidem expedita.', '2023-03-22 02:56:41'),
	(401, 2, 18, 'Facere officia accusamus rerum ut.', '2023-03-22 02:56:41'),
	(402, 11, 5, 'Perferendis magnam architecto eius et.', '2023-03-22 02:56:41'),
	(403, 6, 39, 'Velit quo magni veritatis totam.', '2023-03-22 02:56:41'),
	(404, 5, 23, 'Sunt quaerat sunt architecto maxime quaerat.', '2023-03-22 02:56:41'),
	(405, 2, 33, 'Provident minus qui adipisci sit ratione ullam.', '2023-03-22 02:56:41'),
	(406, 10, 38, 'Id porro voluptatem occaecati consequuntur.', '2023-03-22 02:56:41'),
	(407, 8, 23, 'Et porro quia aliquid.', '2023-03-22 02:56:41'),
	(408, 3, 1, 'Fuga modi accusantium fuga maiores praesentium.', '2023-03-22 02:56:41'),
	(409, 7, 24, 'Odio nobis ut sed laudantium.', '2023-03-22 02:56:41'),
	(410, 10, 40, 'Suscipit explicabo possimus pariatur.', '2023-03-22 02:56:41'),
	(411, 9, 13, 'Porro explicabo ut omnis odio deleniti.', '2023-03-22 02:56:41'),
	(412, 8, 14, 'Quia error repudiandae ex aut qui.', '2023-03-22 02:56:41'),
	(413, 3, 5, 'Quo tempore commodi aliquid quae nam.', '2023-03-22 02:56:41'),
	(414, 5, 27, 'Ea et dicta in eos ipsam quo illo.', '2023-03-22 02:56:41'),
	(415, 6, 31, 'Molestiae harum ut harum facere.', '2023-03-22 02:56:41'),
	(416, 10, 5, 'Laborum est dolore qui nobis et.', '2023-03-22 02:56:41'),
	(417, 3, 11, 'Ullam est sapiente impedit itaque tenetur.', '2023-03-22 02:56:41'),
	(418, 3, 42, 'Ullam pariatur dolores qui autem.', '2023-03-22 02:56:41'),
	(419, 8, 19, 'Qui aliquid fugit occaecati magni assumenda.', '2023-03-22 02:56:41'),
	(420, 2, 18, 'Libero quo sunt esse molestiae.', '2023-03-22 02:56:41'),
	(421, 5, 5, 'Quas consectetur error accusamus beatae.', '2023-03-22 02:56:41'),
	(422, 5, 35, 'Amet est ut labore.', '2023-03-22 02:56:41'),
	(423, 7, 18, 'Ea magni quis corrupti consequatur dolorum esse.', '2023-03-22 02:56:41'),
	(424, 9, 45, 'Nemo qui omnis ut laborum iure nemo in.', '2023-03-22 02:56:41'),
	(425, 9, 3, 'Ad sequi ducimus modi sit eum doloribus id.', '2023-03-22 02:56:41'),
	(426, 7, 6, 'Excepturi aut quis eum nostrum in ducimus omnis.', '2023-03-22 02:56:41'),
	(427, 11, 4, 'Eos quod ex dicta repellendus porro.', '2023-03-22 02:56:41'),
	(428, 6, 7, 'Autem sapiente quas et et dolores nihil.', '2023-03-22 02:56:41'),
	(429, 5, 44, 'Rerum est qui eos maiores tenetur sed.', '2023-03-22 02:56:41'),
	(430, 9, 39, 'Rerum laborum tenetur facere qui neque tenetur.', '2023-03-22 02:56:41'),
	(431, 5, 2, 'Aut voluptatem laudantium assumenda modi.', '2023-03-22 02:56:41'),
	(432, 10, 33, 'Minima nulla enim ex.', '2023-03-22 02:56:41'),
	(433, 11, 32, 'Atque sunt modi exercitationem nesciunt nulla.', '2023-03-22 02:56:41'),
	(434, 7, 37, 'Et libero nostrum provident et iste recusandae.', '2023-03-22 02:56:41'),
	(435, 7, 42, 'Eos tempore dolor soluta doloribus soluta.', '2023-03-22 02:56:41'),
	(436, 11, 4, 'Quia hic sequi ea asperiores qui fugit.', '2023-03-22 02:56:41'),
	(437, 9, 35, 'A qui architecto ea sit cum saepe iure.', '2023-03-22 02:56:41'),
	(438, 7, 4, 'Est similique et commodi qui in.', '2023-03-22 02:56:41'),
	(439, 4, 26, 'Itaque aliquam non eligendi enim tenetur ut eum.', '2023-03-22 02:56:41'),
	(440, 3, 26, 'Tempore est delectus ab sit.', '2023-03-22 02:56:41'),
	(441, 11, 32, 'Sapiente non ut odit natus architecto.', '2023-03-22 02:56:41'),
	(442, 6, 3, 'Repellendus sed est veritatis blanditiis qui.', '2023-03-22 02:56:41'),
	(443, 3, 42, 'Facilis tempora et exercitationem impedit veniam.', '2023-03-22 02:56:41'),
	(444, 2, 18, 'Sequi occaecati et et minima quia minima.', '2023-03-22 02:56:41'),
	(445, 3, 42, 'Qui sunt qui aspernatur aliquam.', '2023-03-22 02:56:41'),
	(446, 7, 10, 'Deserunt ut accusantium hic nostrum.', '2023-03-22 02:56:41'),
	(447, 5, 33, 'Et et omnis pariatur.', '2023-03-22 02:56:41'),
	(448, 5, 42, 'Numquam at velit ipsam delectus enim.', '2023-03-22 02:56:41'),
	(449, 6, 21, 'Magnam aut molestias provident.', '2023-03-22 02:56:41'),
	(450, 11, 31, 'Ducimus sit modi sequi tempore eius quod.', '2023-03-22 02:56:41'),
	(451, 4, 5, 'Aut quos dolorum excepturi recusandae et.', '2023-03-22 02:56:41'),
	(452, 5, 10, 'At neque quis amet debitis sequi debitis.', '2023-03-22 02:56:41'),
	(453, 2, 15, 'Dolore rerum corrupti tenetur incidunt sed aut.', '2023-03-22 02:56:41'),
	(454, 11, 37, 'Et neque dolorem impedit maiores dolorem.', '2023-03-22 02:56:41'),
	(455, 3, 22, 'Nemo voluptatum est amet placeat libero.', '2023-03-22 02:56:41'),
	(456, 11, 36, 'Exercitationem ab in aut modi.', '2023-03-22 02:56:41'),
	(457, 9, 23, 'Consequatur excepturi aut eligendi est.', '2023-03-22 02:56:41'),
	(458, 7, 14, 'Fuga nam provident atque.', '2023-03-22 02:56:41'),
	(459, 4, 30, 'Cum autem aut similique ut voluptatibus.', '2023-03-22 02:56:41'),
	(460, 6, 11, 'Non facere et adipisci error.', '2023-03-22 02:56:41'),
	(461, 3, 31, 'Deserunt deserunt ad qui iusto qui molestiae.', '2023-03-22 02:56:41'),
	(462, 2, 23, 'Repudiandae mollitia dolorem ad aperiam.', '2023-03-22 02:56:41'),
	(463, 6, 43, 'In natus sed et atque officia eum dolores.', '2023-03-22 02:56:41'),
	(464, 10, 27, 'Error corrupti esse amet eaque recusandae quis.', '2023-03-22 02:56:41'),
	(465, 10, 44, 'Est et placeat ad aut.', '2023-03-22 02:56:41'),
	(466, 7, 32, 'Aut praesentium voluptatem non.', '2023-03-22 02:56:41'),
	(467, 3, 30, 'Aut dolorem ratione quam et magni reiciendis.', '2023-03-22 02:56:41'),
	(468, 5, 9, 'Sunt mollitia saepe pariatur ad blanditiis est.', '2023-03-22 02:56:41'),
	(469, 2, 43, 'Tempore similique et maxime iure quae.', '2023-03-22 02:56:41'),
	(470, 6, 41, 'Nisi provident eum et autem iure libero.', '2023-03-22 02:56:41'),
	(471, 8, 6, 'Sint necessitatibus sunt facilis explicabo.', '2023-03-22 02:56:41'),
	(472, 2, 15, 'Ut sunt adipisci et sed et.', '2023-03-22 02:56:41'),
	(473, 5, 45, 'Sint earum quae blanditiis nostrum sequi.', '2023-03-22 02:56:41'),
	(474, 7, 41, 'Vel ea assumenda autem nostrum facilis eaque non.', '2023-03-22 02:56:41'),
	(475, 5, 14, 'Pariatur aliquam accusamus dolores vero.', '2023-03-22 02:56:41'),
	(476, 8, 42, 'Maxime dolorum expedita quibusdam.', '2023-03-22 02:56:41'),
	(477, 7, 33, 'Reprehenderit et delectus excepturi saepe eius.', '2023-03-22 02:56:41'),
	(478, 2, 14, 'Sunt autem similique quis natus.', '2023-03-22 02:56:41'),
	(479, 9, 39, 'Ut nemo quia debitis corrupti.', '2023-03-22 02:56:41'),
	(480, 3, 30, 'Quas asperiores omnis et asperiores aut corrupti.', '2023-03-22 02:56:41'),
	(481, 6, 27, 'Animi quisquam vel dolorum ut accusantium.', '2023-03-22 02:56:41'),
	(482, 7, 2, 'Sint totam nesciunt velit nulla iure sunt.', '2023-03-22 02:56:41'),
	(483, 11, 3, 'Soluta molestiae laudantium aut laborum.', '2023-03-22 02:56:41'),
	(484, 7, 8, 'Labore deleniti quam sint praesentium natus et.', '2023-03-22 02:56:41'),
	(485, 8, 36, 'Aut ut vel quasi autem occaecati.', '2023-03-22 02:56:41'),
	(486, 4, 21, 'Fugiat illum sit molestiae occaecati suscipit.', '2023-03-22 02:56:41'),
	(487, 3, 24, 'Id corrupti ipsum animi rerum.', '2023-03-22 02:56:41'),
	(488, 7, 32, 'Est commodi odio dolorem odio qui odio.', '2023-03-22 02:56:41'),
	(489, 5, 25, 'Est ducimus consequatur qui neque.', '2023-03-22 02:56:41'),
	(490, 2, 31, 'Ut laudantium natus aut.', '2023-03-22 02:56:41'),
	(491, 11, 27, 'Accusamus quas vel qui in at officia labore.', '2023-03-22 02:56:41'),
	(492, 4, 14, 'Ut tempore alias sed.', '2023-03-22 02:56:41'),
	(493, 4, 26, 'Vitae deleniti enim ut animi.', '2023-03-22 02:56:41'),
	(494, 9, 6, 'Ut quae debitis nihil molestiae animi aut.', '2023-03-22 02:56:41'),
	(495, 10, 34, 'Facilis et sapiente et enim explicabo recusandae.', '2023-03-22 02:56:41'),
	(496, 6, 16, 'Suscipit minus alias dolores hic.', '2023-03-22 02:56:41'),
	(497, 3, 31, 'Quod velit omnis aspernatur placeat.', '2023-03-22 02:56:41'),
	(498, 3, 8, 'Natus maxime nam aliquid excepturi.', '2023-03-22 02:56:41'),
	(499, 3, 41, 'Animi excepturi eius enim delectus.', '2023-03-22 02:56:41'),
	(500, 4, 2, 'Est soluta quis quis rerum ad odio est et.', '2023-03-22 02:56:41'),
	(501, 2, 29, 'Ut recusandae veritatis suscipit molestiae.', '2023-03-22 02:56:41'),
	(502, 10, 45, 'Quidem quaerat veniam quod enim.', '2023-03-22 02:56:41'),
	(503, 10, 6, 'Voluptatem et rem aperiam fugiat voluptatibus.', '2023-03-22 02:56:41'),
	(504, 3, 33, 'Delectus ipsa commodi doloribus voluptatem.', '2023-03-22 02:56:41'),
	(505, 5, 14, 'Assumenda fuga sed sapiente consequatur sit.', '2023-03-22 02:56:41'),
	(506, 5, 21, 'Dolores nihil placeat sunt magnam.', '2023-03-22 02:56:41'),
	(507, 3, 41, 'Ratione vel amet nam error.', '2023-03-22 02:56:41'),
	(508, 10, 43, 'Et et non qui eum.', '2023-03-22 02:56:41'),
	(509, 11, 4, 'Dolores alias quaerat quibusdam nostrum sed.', '2023-03-22 02:56:41'),
	(510, 8, 23, 'Molestiae facilis aut at dolorem.', '2023-03-22 02:56:41'),
	(511, 11, 42, 'Sunt placeat mollitia ut.', '2023-03-22 02:56:41'),
	(512, 9, 11, 'Aut aperiam sit aliquid distinctio et.', '2023-03-22 02:56:41'),
	(513, 2, 26, 'Sed et consectetur qui odio omnis.', '2023-03-22 02:56:41'),
	(514, 5, 34, 'Laborum debitis aut mollitia quia.', '2023-03-22 02:56:41'),
	(515, 9, 11, 'Tempora architecto aperiam repellat officiis ut.', '2023-03-22 02:56:41'),
	(516, 11, 1, 'Expedita sed expedita cum consectetur.', '2023-03-22 02:56:41'),
	(517, 5, 42, 'Quia et nulla autem non nam.', '2023-03-22 02:56:41'),
	(518, 11, 9, 'Atque exercitationem tempora itaque molestiae.', '2023-03-22 02:56:41'),
	(519, 9, 43, 'Sit numquam doloribus voluptas ea repellat.', '2023-03-22 02:56:41'),
	(520, 8, 45, 'Rem cupiditate tempore enim est est.', '2023-03-22 02:56:41'),
	(521, 6, 16, 'Nihil veritatis quo amet perferendis explicabo.', '2023-03-22 02:56:41'),
	(522, 6, 20, 'Reprehenderit autem et doloremque ratione fuga.', '2023-03-22 02:56:41'),
	(523, 6, 20, 'Corrupti rerum hic et nisi quia quo blanditiis.', '2023-03-22 02:56:41'),
	(524, 5, 12, 'Id est sed voluptatibus.', '2023-03-22 02:56:41'),
	(525, 11, 3, 'Unde tempora iste praesentium sed.', '2023-03-22 02:56:41'),
	(526, 6, 12, 'Voluptatem saepe magnam quisquam.', '2023-03-22 02:56:41'),
	(527, 6, 35, 'Distinctio magni fugiat commodi.', '2023-03-22 02:56:41'),
	(528, 3, 23, 'Optio incidunt doloribus ut nobis.', '2023-03-22 02:56:41'),
	(529, 11, 36, 'Optio qui doloremque est atque.', '2023-03-22 02:56:41'),
	(530, 5, 36, 'Eum vel voluptas accusamus nihil omnis.', '2023-03-22 02:56:41'),
	(531, 5, 29, 'Voluptatibus dignissimos illo dolorum amet dicta.', '2023-03-22 02:56:41'),
	(532, 7, 7, 'Dolor id ex ea qui in est recusandae.', '2023-03-22 02:56:41'),
	(533, 6, 38, 'Dolorum porro nulla velit.', '2023-03-22 02:56:41'),
	(534, 9, 11, 'Eum voluptate sunt sit perspiciatis.', '2023-03-22 02:56:41'),
	(535, 6, 44, 'Minus omnis omnis quo ut labore.', '2023-03-22 02:56:41'),
	(536, 11, 10, 'Quia iste non molestiae quia voluptas molestiae.', '2023-03-22 02:56:41'),
	(537, 2, 2, 'Harum sunt est est ea quia tempore provident ea.', '2023-03-22 02:56:41'),
	(538, 11, 1, 'Saepe nisi ab error sint.', '2023-03-22 02:56:41'),
	(539, 2, 11, 'Dolores impedit maiores quis veniam quis tenetur.', '2023-03-22 02:56:41'),
	(540, 10, 35, 'Explicabo ipsum consequuntur nihil.', '2023-03-22 02:56:41'),
	(541, 9, 2, 'Unde alias et asperiores et.', '2023-03-22 02:56:41'),
	(542, 4, 21, 'Enim optio aut eveniet neque.', '2023-03-22 02:56:41'),
	(543, 10, 28, 'Sit est aliquam aut tempore quis.', '2023-03-22 02:56:41'),
	(544, 9, 5, 'Cupiditate rem qui tempore corporis non quo.', '2023-03-22 02:56:41'),
	(545, 5, 17, 'Natus soluta deserunt voluptatibus nesciunt.', '2023-03-22 02:56:41'),
	(546, 7, 44, 'Ea possimus quidem sit omnis et maiores.', '2023-03-22 02:56:41'),
	(547, 3, 27, 'Aliquam eligendi dignissimos dolorem.', '2023-03-22 02:56:41'),
	(548, 11, 15, 'Cum qui laudantium et qui non dolor recusandae.', '2023-03-22 02:56:41'),
	(549, 9, 31, 'Aliquam laudantium ut omnis quia facere et.', '2023-03-22 02:56:41'),
	(550, 2, 38, 'Unde modi non est voluptas quasi nobis voluptas.', '2023-03-22 02:56:41'),
	(551, 4, 37, 'Et ut rerum quia quos vero ad harum.', '2023-03-22 02:56:41'),
	(552, 3, 10, 'Pariatur saepe accusantium laborum dolores error.', '2023-03-22 02:56:41'),
	(553, 8, 41, 'Eum id harum maiores placeat eum et.', '2023-03-22 02:56:41'),
	(554, 3, 41, 'Eos consequuntur temporibus mollitia.', '2023-03-22 02:56:41'),
	(555, 10, 33, 'Aut omnis et libero labore pariatur vel porro.', '2023-03-22 02:56:41'),
	(556, 11, 29, 'Autem voluptas quia esse non et.', '2023-03-22 02:56:41'),
	(557, 9, 27, 'Repellendus necessitatibus fuga laborum.', '2023-03-22 02:56:41'),
	(558, 7, 11, 'Aut ea possimus aut nemo quo.', '2023-03-22 02:56:41'),
	(559, 7, 9, 'Ducimus laboriosam cum aut ea.', '2023-03-22 02:56:41'),
	(560, 7, 5, 'Eos eum ratione est in esse sequi.', '2023-03-22 02:56:41'),
	(561, 7, 16, 'Rerum dolorem voluptas nemo.', '2023-03-22 02:56:41'),
	(562, 9, 20, 'Sed voluptas voluptatibus officia est.', '2023-03-22 02:56:41'),
	(563, 7, 33, 'Ea in sunt modi est.', '2023-03-22 02:56:41'),
	(564, 8, 45, 'Quia est fugit numquam porro.', '2023-03-22 02:56:41'),
	(565, 9, 24, 'Est ut aliquam omnis.', '2023-03-22 02:56:41'),
	(566, 5, 21, 'Quam reprehenderit quia sed ab quo minus illum.', '2023-03-22 02:56:41'),
	(567, 6, 7, 'Eos error sed quibusdam qui ipsam enim sint.', '2023-03-22 02:56:41'),
	(568, 4, 37, 'Et illum id nemo aut quia.', '2023-03-22 02:56:41'),
	(569, 4, 33, 'Optio consectetur nihil sit officia.', '2023-03-22 02:56:41'),
	(570, 6, 44, 'Molestiae veritatis incidunt et non.', '2023-03-22 02:56:41'),
	(571, 9, 27, 'Fugit mollitia laboriosam corrupti maxime.', '2023-03-22 02:56:41'),
	(572, 10, 42, 'Quo qui autem tenetur commodi voluptates.', '2023-03-22 02:56:41'),
	(573, 9, 23, 'Commodi aut sed sed non ex molestiae sed.', '2023-03-22 02:56:41'),
	(574, 4, 16, 'Quae vel dicta voluptatem veniam odit.', '2023-03-22 02:56:41'),
	(575, 8, 41, 'Fuga fuga non dolorem et.', '2023-03-22 02:56:41'),
	(576, 6, 39, 'Sint vel sint tempore sit eos.', '2023-03-22 02:56:41'),
	(577, 5, 32, 'Repellendus debitis sit sint et.', '2023-03-22 02:56:41'),
	(578, 8, 4, 'Odio deleniti vitae quidem dolorem.', '2023-03-22 02:56:41'),
	(579, 11, 30, 'Voluptatum quidem non qui quis et dignissimos.', '2023-03-22 02:56:41'),
	(580, 2, 39, 'Omnis tempora ea fuga vel.', '2023-03-22 02:56:41'),
	(581, 8, 12, 'Nihil molestias dolorem quo ipsum.', '2023-03-22 02:56:41'),
	(582, 6, 25, 'Corporis id nulla est sunt officia eum.', '2023-03-22 02:56:41'),
	(583, 5, 16, 'Nisi esse ipsa aliquam itaque rem et alias.', '2023-03-22 02:56:41'),
	(584, 4, 8, 'Incidunt esse eum repellat enim.', '2023-03-22 02:56:41'),
	(585, 11, 22, 'Corrupti et eligendi vero aut amet.', '2023-03-22 02:56:41'),
	(586, 7, 4, 'Nesciunt optio nihil quibusdam.', '2023-03-22 02:56:41'),
	(587, 8, 18, 'Dolor quia aliquid rerum est quis.', '2023-03-22 02:56:41'),
	(588, 9, 33, 'Magni qui aut rerum eum error.', '2023-03-22 02:56:41'),
	(589, 4, 38, 'Laudantium modi temporibus ad labore.', '2023-03-22 02:56:41'),
	(590, 6, 18, 'A ea nihil quo.', '2023-03-22 02:56:41'),
	(591, 2, 34, 'Velit accusantium at velit a.', '2023-03-22 02:56:41'),
	(592, 10, 40, 'Voluptates temporibus veniam praesentium et.', '2023-03-22 02:56:41'),
	(593, 5, 30, 'Unde quibusdam sapiente porro magni debitis.', '2023-03-22 02:56:41'),
	(594, 9, 20, 'Praesentium non voluptatem aut.', '2023-03-22 02:56:41'),
	(595, 11, 2, 'Non itaque autem ipsam sunt voluptatibus.', '2023-03-22 02:56:41'),
	(596, 6, 22, 'Quis id amet rerum minima reiciendis.', '2023-03-22 02:56:41'),
	(597, 8, 9, 'Veritatis voluptatem commodi quam commodi totam.', '2023-03-22 02:56:41'),
	(598, 7, 22, 'Cum rerum tempore eligendi.', '2023-03-22 02:56:41'),
	(599, 8, 45, 'Qui natus eaque reiciendis unde aut nostrum.', '2023-03-22 02:56:41'),
	(600, 6, 10, 'Culpa et ut id autem.', '2023-03-22 02:56:41'),
	(601, 5, 33, 'Porro voluptate adipisci tempora et neque.', '2023-03-22 02:56:41'),
	(602, 2, 19, 'Expedita expedita et ab.', '2023-03-22 02:56:41'),
	(603, 11, 9, 'Distinctio optio ut illo ducimus.', '2023-03-22 02:56:41'),
	(604, 10, 38, 'Voluptates quo ipsum dignissimos quibusdam.', '2023-03-22 02:56:41'),
	(605, 8, 6, 'Dolores quidem deleniti aut non qui ut et.', '2023-03-22 02:56:41'),
	(606, 7, 17, 'Quod et neque error est.', '2023-03-22 02:56:41'),
	(607, 9, 17, 'Reprehenderit iusto asperiores quae corrupti.', '2023-03-22 02:56:41'),
	(608, 2, 37, 'Rerum est sequi quia voluptas aut ex.', '2023-03-22 02:56:41'),
	(609, 11, 11, 'Non sequi quo blanditiis.', '2023-03-22 02:56:41'),
	(610, 6, 9, 'Corrupti error est dolor sed vel ut et iure.', '2023-03-22 02:56:41'),
	(611, 4, 15, 'In voluptatem et laudantium est sit.', '2023-03-22 02:56:41'),
	(612, 3, 15, 'Dolor et fuga nemo modi perferendis.', '2023-03-22 02:56:41'),
	(613, 8, 13, 'Odit commodi illum sint laboriosam sit.', '2023-03-22 02:56:41'),
	(614, 4, 13, 'Alias tempore dicta enim omnis voluptas.', '2023-03-22 02:56:41'),
	(615, 10, 21, 'Earum et aliquid dolorem omnis.', '2023-03-22 02:56:41'),
	(616, 9, 14, 'Nihil recusandae ea quisquam et.', '2023-03-22 02:56:41'),
	(617, 7, 13, 'Voluptates in repellendus quis aut earum.', '2023-03-22 02:56:41'),
	(618, 4, 37, 'Ipsum nam velit voluptas numquam non unde et et.', '2023-03-22 02:56:41'),
	(619, 7, 16, 'Quod accusantium sit optio.', '2023-03-22 02:56:41'),
	(620, 5, 8, 'Hic recusandae et voluptate qui.', '2023-03-22 02:56:41'),
	(621, 10, 15, 'Dolor pariatur nulla rerum mollitia.', '2023-03-22 02:56:41'),
	(622, 2, 16, 'Perspiciatis aperiam eos sunt optio eius est.', '2023-03-22 02:56:41'),
	(623, 11, 38, 'Magni non dolor omnis esse tempora nam.', '2023-03-22 02:56:41'),
	(624, 8, 7, 'Dolor saepe impedit rerum.', '2023-03-22 02:56:41'),
	(625, 11, 1, 'Ut non illum aut quia officia.', '2023-03-22 02:56:41'),
	(626, 8, 31, 'Voluptates voluptas sunt totam ea quaerat a.', '2023-03-22 02:56:41'),
	(627, 4, 19, 'Et saepe quia dolorum recusandae ut nihil ut.', '2023-03-22 02:56:41'),
	(628, 10, 30, 'Eum sit ut voluptatem cumque ut.', '2023-03-22 02:56:41'),
	(629, 5, 30, 'Sed unde assumenda cum ipsum.', '2023-03-22 02:56:41'),
	(630, 10, 13, 'Aut rerum quisquam hic sunt repellat ipsa.', '2023-03-22 02:56:41'),
	(631, 9, 44, 'Explicabo odio consequatur voluptatem corrupti.', '2023-03-22 02:56:41'),
	(632, 2, 22, 'Dicta unde consequuntur qui et aut quibusdam.', '2023-03-22 02:56:41'),
	(633, 3, 20, 'Sed et vero et vitae est.', '2023-03-22 02:56:41'),
	(634, 3, 9, 'Voluptas asperiores id et laborum ipsum ipsum.', '2023-03-22 02:56:41'),
	(635, 6, 13, 'Rerum sequi hic odio quo magni.', '2023-03-22 02:56:41'),
	(636, 6, 8, 'Iure iure delectus quo ex id eius.', '2023-03-22 02:56:41'),
	(637, 4, 14, 'Deleniti et adipisci quidem.', '2023-03-22 02:56:41'),
	(638, 3, 23, 'Praesentium exercitationem dicta ea ut sed.', '2023-03-22 02:56:41'),
	(639, 10, 12, 'Nostrum velit assumenda aut voluptatem maxime in.', '2023-03-22 02:56:41'),
	(640, 2, 15, 'Numquam eius aut est id.', '2023-03-22 02:56:41'),
	(641, 4, 25, 'Rerum occaecati dolorum quia ad.', '2023-03-22 02:56:41'),
	(642, 7, 17, 'Qui cum tempora odio voluptas.', '2023-03-22 02:56:41'),
	(643, 3, 13, 'Atque aut mollitia aut beatae perspiciatis quia.', '2023-03-22 02:56:41'),
	(644, 9, 19, 'Cum consequuntur dolorum commodi veniam.', '2023-03-22 02:56:41'),
	(645, 10, 35, 'Facilis non omnis minima cupiditate dolorem.', '2023-03-22 02:56:41'),
	(646, 5, 41, 'Aut velit incidunt enim ipsam sunt cupiditate.', '2023-03-22 02:56:41'),
	(647, 5, 26, 'Excepturi enim temporibus repellat.', '2023-03-22 02:56:41'),
	(648, 3, 32, 'Delectus ab dolores a in neque eius.', '2023-03-22 02:56:41'),
	(649, 3, 43, 'Dolore rerum molestiae in qui omnis ab quos.', '2023-03-22 02:56:41'),
	(650, 10, 8, 'Ut libero quasi est.', '2023-03-22 02:56:41'),
	(651, 4, 37, 'Repudiandae id cumque eligendi.', '2023-03-22 02:56:41'),
	(652, 6, 8, 'Reprehenderit ex odio perspiciatis.', '2023-03-22 02:56:41'),
	(653, 9, 35, 'Eos quas earum perferendis.', '2023-03-22 02:56:41'),
	(654, 10, 3, 'Vel rerum dolorem doloribus officia natus.', '2023-03-22 02:56:41'),
	(655, 3, 25, 'Rem quis quia eligendi.', '2023-03-22 02:56:41'),
	(656, 4, 16, 'Deserunt voluptatem eum illo odio.', '2023-03-22 02:56:41'),
	(657, 11, 7, 'Vitae sed sequi quia veritatis fuga.', '2023-03-22 02:56:41'),
	(658, 9, 30, 'Quis et quas et sapiente alias suscipit.', '2023-03-22 02:56:41'),
	(659, 7, 19, 'Libero accusantium ut et eius.', '2023-03-22 02:56:41'),
	(660, 5, 19, 'Tenetur adipisci consequatur molestiae.', '2023-03-22 02:56:41'),
	(661, 2, 20, 'Aliquid recusandae velit dolores et.', '2023-03-22 02:56:41'),
	(662, 3, 41, 'Esse omnis itaque earum odit qui ratione est.', '2023-03-22 02:56:41'),
	(663, 3, 6, 'Exercitationem dolores nulla nihil voluptas.', '2023-03-22 02:56:41'),
	(664, 5, 20, 'Fugiat aliquam ut id omnis pariatur.', '2023-03-22 02:56:41'),
	(665, 10, 11, 'Vero aut nihil id nemo.', '2023-03-22 02:56:41'),
	(666, 9, 8, 'Nam sit dolore voluptatem molestiae sed.', '2023-03-22 02:56:41'),
	(667, 4, 41, 'Aliquam soluta sed quod.', '2023-03-22 02:56:41'),
	(668, 6, 7, 'Earum suscipit illo similique delectus.', '2023-03-22 02:56:41'),
	(669, 3, 13, 'Impedit repellat vel distinctio temporibus quasi.', '2023-03-22 02:56:41'),
	(670, 4, 32, 'Minus aperiam dignissimos doloremque dolores vel.', '2023-03-22 02:56:41'),
	(671, 8, 17, 'Et est nisi suscipit.', '2023-03-22 02:56:41'),
	(672, 7, 1, 'Illum rem sint sit. Harum eligendi est unde.', '2023-03-22 02:56:41'),
	(673, 2, 36, 'Explicabo officia autem et molestiae velit quis.', '2023-03-22 02:56:41'),
	(674, 4, 2, 'Vitae est ut repellendus voluptas.', '2023-03-22 02:56:41'),
	(675, 10, 17, 'Porro ipsa non pariatur autem ut numquam.', '2023-03-22 02:56:41'),
	(676, 8, 42, 'Veritatis id consequatur sequi possimus debitis.', '2023-03-22 02:56:41'),
	(677, 8, 37, 'At non molestias atque recusandae.', '2023-03-22 02:56:41'),
	(678, 8, 11, 'Consequuntur voluptate tenetur nihil.', '2023-03-22 02:56:41'),
	(679, 4, 7, 'Dolore aut eveniet magni libero.', '2023-03-22 02:56:41'),
	(680, 8, 37, 'Et sint quos repellat. Ea vel sit molestias ea.', '2023-03-22 02:56:41'),
	(681, 7, 14, 'Ut nobis voluptas aut officia eum quisquam qui.', '2023-03-22 02:56:41'),
	(682, 9, 20, 'Quam iure sed quidem autem quia.', '2023-03-22 02:56:41'),
	(683, 10, 16, 'Cupiditate quo dolores eius ut.', '2023-03-22 02:56:41'),
	(684, 9, 20, 'Fuga nisi quos tempora praesentium error vel.', '2023-03-22 02:56:41'),
	(685, 3, 29, 'Et non quos sunt suscipit qui minus.', '2023-03-22 02:56:41'),
	(686, 9, 26, 'Veniam iure saepe maxime molestiae et iste.', '2023-03-22 02:56:41'),
	(687, 3, 23, 'Quibusdam quisquam est saepe aperiam dolore aut.', '2023-03-22 02:56:41'),
	(688, 6, 8, 'Aliquam aut quidem et ex sint deserunt.', '2023-03-22 02:56:41'),
	(689, 9, 39, 'Ut aut facilis deserunt illo tempore tenetur a.', '2023-03-22 02:56:41'),
	(690, 11, 38, 'Qui quod eveniet et eligendi qui culpa expedita.', '2023-03-22 02:56:41'),
	(691, 3, 25, 'Aspernatur ut suscipit neque fugiat.', '2023-03-22 02:56:41'),
	(692, 10, 21, 'Rerum sunt voluptatibus consectetur.', '2023-03-22 02:56:41'),
	(693, 11, 17, 'Hic ullam voluptas totam aliquid quos.', '2023-03-22 02:56:41'),
	(694, 6, 45, 'Dolores non velit accusamus aut ex illo.', '2023-03-22 02:56:41'),
	(695, 10, 23, 'Magni corrupti at magni et repudiandae illo eos.', '2023-03-22 02:56:41'),
	(696, 4, 6, 'Odit qui veniam harum ad vero atque.', '2023-03-22 02:56:41'),
	(697, 5, 20, 'Temporibus modi vero accusamus sapiente.', '2023-03-22 02:56:41'),
	(698, 4, 2, 'At iste tenetur eaque delectus.', '2023-03-22 02:56:41'),
	(699, 5, 41, 'Sit suscipit fugiat quaerat omnis.', '2023-03-22 02:56:41'),
	(700, 2, 33, 'Qui itaque veniam eaque praesentium.', '2023-03-22 02:56:41'),
	(701, 6, 13, 'Aut a quae magnam qui.', '2023-03-22 02:56:41'),
	(702, 11, 1, 'Nisi et ut nihil perspiciatis unde quasi.', '2023-03-22 02:56:41'),
	(703, 8, 32, 'Eum aut dolorum omnis alias.', '2023-03-22 02:56:41'),
	(704, 3, 29, 'Molestiae at sit quis ad.', '2023-03-22 02:56:41'),
	(705, 5, 43, 'Odio quia quo sit quas tenetur velit.', '2023-03-22 02:56:41'),
	(706, 7, 35, 'Vel laborum dolorem necessitatibus perspiciatis.', '2023-03-22 02:56:41'),
	(707, 7, 38, 'Dolor est dignissimos consequatur tempora.', '2023-03-22 02:56:41'),
	(708, 7, 6, 'Assumenda nulla similique dolore et.', '2023-03-22 02:56:41'),
	(709, 6, 3, 'Quia voluptas ut aliquid quia.', '2023-03-22 02:56:41'),
	(710, 7, 31, 'Reiciendis officiis commodi animi.', '2023-03-22 02:56:41'),
	(711, 6, 37, 'Autem laboriosam accusantium nulla architecto.', '2023-03-22 02:56:41'),
	(712, 3, 44, 'Ut pariatur beatae inventore expedita.', '2023-03-22 02:56:41'),
	(713, 3, 19, 'Libero aut libero ut. Et ut officiis est commodi.', '2023-03-22 02:56:41'),
	(714, 6, 43, 'Quis et beatae ut in repellat est.', '2023-03-22 02:56:41'),
	(715, 9, 40, 'Odio tempora nihil molestiae eum aut.', '2023-03-22 02:56:41'),
	(716, 8, 39, 'Natus repudiandae voluptatem est dolores id.', '2023-03-22 02:56:41'),
	(717, 2, 24, 'Reiciendis nisi ea earum dolorum.', '2023-03-22 02:56:41'),
	(718, 4, 45, 'Tenetur quos debitis non quam est animi itaque.', '2023-03-22 02:56:41'),
	(719, 8, 38, 'Sed sapiente impedit quo.', '2023-03-22 02:56:41'),
	(720, 9, 21, 'Et provident vel a velit libero natus.', '2023-03-22 02:56:41'),
	(721, 5, 6, 'Facere tempora est quaerat nam.', '2023-03-22 02:56:41'),
	(722, 3, 10, 'Officia blanditiis sed nostrum est consequatur.', '2023-03-22 02:56:41'),
	(723, 5, 38, 'Quia eius esse voluptatem fugit.', '2023-03-22 02:56:41'),
	(724, 9, 45, 'Ad minima labore sint itaque quis at.', '2023-03-22 02:56:41'),
	(725, 2, 2, 'Officiis sunt eos amet incidunt voluptas ipsa.', '2023-03-22 02:56:41'),
	(726, 10, 36, 'Dolores consequatur alias vero sit.', '2023-03-22 02:56:41'),
	(727, 3, 11, 'In nemo sapiente enim qui placeat sequi eum.', '2023-03-22 02:56:41'),
	(728, 5, 19, 'Distinctio aut est ut delectus atque sunt rem.', '2023-03-22 02:56:41'),
	(729, 7, 22, 'Ut dolor similique sed aut tenetur.', '2023-03-22 02:56:41'),
	(730, 2, 42, 'Aperiam unde quaerat sint iusto aut et officia.', '2023-03-22 02:56:41'),
	(731, 9, 27, 'Architecto numquam alias rerum eos reprehenderit.', '2023-03-22 02:56:41'),
	(732, 10, 43, 'Non sed omnis culpa autem quaerat.', '2023-03-22 02:56:41'),
	(733, 7, 14, 'Modi minima in et totam aut ad.', '2023-03-22 02:56:41'),
	(734, 5, 34, 'Ab ut doloremque dolore rerum et vel iusto quis.', '2023-03-22 02:56:41'),
	(735, 6, 5, 'Minus fugit deserunt nihil dolor.', '2023-03-22 02:56:41'),
	(736, 10, 33, 'Eos nemo est quos molestiae vitae sunt.', '2023-03-22 02:56:41'),
	(737, 11, 39, 'Rerum quibusdam vero quis a.', '2023-03-22 02:56:41'),
	(738, 7, 22, 'Autem ea quidem aut saepe et.', '2023-03-22 02:56:41'),
	(739, 4, 29, 'Placeat iure quia doloremque.', '2023-03-22 02:56:41'),
	(740, 11, 9, 'Ut reprehenderit est ipsum odit autem.', '2023-03-22 02:56:41'),
	(741, 6, 30, 'Voluptas blanditiis facere placeat illo.', '2023-03-22 02:56:41'),
	(742, 11, 23, 'Ipsum et et est quo est laudantium ut.', '2023-03-22 02:56:41'),
	(743, 2, 43, 'Facilis nihil officia ut architecto consequatur.', '2023-03-22 02:56:41'),
	(744, 11, 35, 'Qui quos sequi adipisci dolores et alias.', '2023-03-22 02:56:41'),
	(745, 8, 3, 'Ut eligendi placeat facilis asperiores ut.', '2023-03-22 02:56:41'),
	(746, 2, 36, 'Magnam ea assumenda quibusdam at sint.', '2023-03-22 02:56:41'),
	(747, 2, 11, 'Qui illum ea laborum eos rem dolore.', '2023-03-22 02:56:41'),
	(748, 7, 13, 'Voluptatem amet sunt atque dolore hic.', '2023-03-22 02:56:41'),
	(749, 2, 33, 'Aut consequatur earum minima voluptatibus.', '2023-03-22 02:56:41'),
	(750, 10, 20, 'Asperiores vel et sed et quisquam omnis quis.', '2023-03-22 02:56:41'),
	(751, 11, 3, 'Incidunt repudiandae sed et.', '2023-03-22 02:56:41'),
	(752, 6, 45, 'Culpa vel dolor esse minus expedita et.', '2023-03-22 02:56:41'),
	(753, 5, 40, 'Reiciendis neque quia esse assumenda eum quia.', '2023-03-22 02:56:41'),
	(754, 3, 25, 'Tempora et placeat et earum consequatur.', '2023-03-22 02:56:41'),
	(755, 3, 29, 'Doloremque dolor perferendis laboriosam itaque.', '2023-03-22 02:56:41'),
	(756, 8, 42, 'Qui praesentium voluptatem id.', '2023-03-22 02:56:41'),
	(757, 10, 21, 'Assumenda tenetur iusto quia ipsum facere.', '2023-03-22 02:56:41'),
	(758, 3, 4, 'Dolore sed beatae officiis.', '2023-03-22 02:56:41'),
	(759, 11, 23, 'Eveniet quia nisi ullam.', '2023-03-22 02:56:41'),
	(760, 2, 4, 'Exercitationem aut id voluptatem nemo.', '2023-03-22 02:56:41'),
	(761, 2, 18, 'Quaerat debitis corrupti quia labore qui qui nam.', '2023-03-22 02:56:41'),
	(762, 3, 7, 'Repellat aut et mollitia libero.', '2023-03-22 02:56:41'),
	(763, 5, 22, 'Et voluptatem sit placeat velit aspernatur.', '2023-03-22 02:56:41'),
	(764, 6, 9, 'Autem dolorum et quibusdam aut aliquam magni.', '2023-03-22 02:56:41'),
	(765, 7, 20, 'Eos perferendis sed quasi.', '2023-03-22 02:56:41'),
	(766, 7, 21, 'Ut ab omnis illum.', '2023-03-22 02:56:41'),
	(767, 7, 27, 'Est quia ut qui ea occaecati commodi labore.', '2023-03-22 02:56:41'),
	(768, 6, 8, 'Sapiente omnis sint aut.', '2023-03-22 02:56:41'),
	(769, 5, 37, 'Animi tenetur facilis nisi odio.', '2023-03-22 02:56:41'),
	(770, 6, 43, 'Soluta sunt autem dolor et dolor id et.', '2023-03-22 02:56:41'),
	(771, 4, 42, 'Porro est quasi voluptatem fuga cupiditate et.', '2023-03-22 02:56:41'),
	(772, 10, 26, 'Velit quidem est qui ea amet.', '2023-03-22 02:56:41'),
	(773, 5, 21, 'Aut inventore libero cumque expedita cumque.', '2023-03-22 02:56:41'),
	(774, 2, 41, 'Sed est nihil harum vitae.', '2023-03-22 02:56:41'),
	(775, 9, 44, 'Vitae ullam rem nostrum quis eum.', '2023-03-22 02:56:41'),
	(776, 10, 44, 'Ipsa doloribus aut maiores.', '2023-03-22 02:56:41'),
	(777, 8, 34, 'Ea libero rerum eaque ut.', '2023-03-22 02:56:41'),
	(778, 9, 30, 'Velit non est nemo in aut.', '2023-03-22 02:56:41'),
	(779, 4, 38, 'Enim placeat explicabo ipsa atque eius.', '2023-03-22 02:56:41'),
	(780, 6, 30, 'Id numquam quisquam qui rerum dolores.', '2023-03-22 02:56:41'),
	(781, 3, 30, 'Debitis est aut dignissimos saepe.', '2023-03-22 02:56:41'),
	(782, 6, 38, 'Laborum qui iusto eum vel.', '2023-03-22 02:56:41'),
	(783, 11, 20, 'Maxime pariatur alias quia nam modi nesciunt.', '2023-03-22 02:56:41'),
	(784, 8, 4, 'Aut sed architecto totam saepe eligendi ad.', '2023-03-22 02:56:41'),
	(785, 10, 26, 'Ea ut molestiae sit totam.', '2023-03-22 02:56:41'),
	(786, 10, 9, 'Dolor in dolor ipsa dolore.', '2023-03-22 02:56:41'),
	(787, 9, 30, 'Eos dolores quam ea veniam sequi sit.', '2023-03-22 02:56:41'),
	(788, 10, 10, 'Est et aut est at maiores.', '2023-03-22 02:56:41'),
	(789, 5, 23, 'Voluptate expedita aut tempora.', '2023-03-22 02:56:41'),
	(790, 3, 22, 'Et quos illum eaque nisi quia est totam.', '2023-03-22 02:56:41'),
	(791, 3, 3, 'Incidunt velit modi voluptate sed.', '2023-03-22 02:56:41'),
	(792, 11, 19, 'Quae veritatis dolores illo sint dolores et.', '2023-03-22 02:56:41'),
	(793, 4, 38, 'Placeat culpa et dicta nobis sunt quia.', '2023-03-22 02:56:41'),
	(794, 7, 33, 'Aperiam est dicta laudantium qui.', '2023-03-22 02:56:41'),
	(795, 4, 16, 'Sed quos odit facere occaecati in et earum omnis.', '2023-03-22 02:56:41'),
	(796, 11, 24, 'Qui eos eos eligendi aliquam et.', '2023-03-22 02:56:41'),
	(797, 9, 14, 'Quasi fuga modi repellendus veritatis sit.', '2023-03-22 02:56:41'),
	(798, 5, 45, 'Incidunt tempore quasi quod aut tenetur.', '2023-03-22 02:56:41'),
	(799, 10, 45, 'Modi eveniet tempora fugit.', '2023-03-22 02:56:41'),
	(800, 10, 8, 'Aliquid deserunt dignissimos et vel sunt.', '2023-03-22 02:56:41'),
	(801, 9, 19, 'Nostrum ex sapiente magnam perspiciatis ea saepe.', '2023-03-22 02:56:41'),
	(802, 8, 30, 'Nobis iure ipsa laudantium suscipit quis eum.', '2023-03-22 02:56:41'),
	(803, 3, 39, 'Eaque eaque alias est qui vero fugit alias.', '2023-03-22 02:56:41'),
	(804, 11, 23, 'Cupiditate quaerat est facilis commodi ut nihil.', '2023-03-22 02:56:41'),
	(805, 2, 7, 'Alias magnam accusantium dolorum non est.', '2023-03-22 02:56:41'),
	(806, 11, 43, 'Harum dolor id tenetur ex sit.', '2023-03-22 02:56:41'),
	(807, 5, 36, 'Voluptatem qui accusamus non distinctio corrupti.', '2023-03-22 02:56:41'),
	(808, 5, 41, 'Consequatur ab quae ut blanditiis nihil.', '2023-03-22 02:56:41'),
	(809, 8, 28, 'Laboriosam delectus esse aperiam.', '2023-03-22 02:56:41'),
	(810, 2, 4, 'Nulla saepe sed omnis beatae iure.', '2023-03-22 02:56:41'),
	(811, 5, 22, 'Voluptas adipisci et sed ducimus eveniet.', '2023-03-22 02:56:41'),
	(812, 7, 1, 'Occaecati non voluptas inventore tempore.', '2023-03-22 02:56:41'),
	(813, 5, 38, 'Dolorum sunt ut ipsum ea error aut.', '2023-03-22 02:56:41'),
	(814, 11, 30, 'Nam et vel fuga quasi.', '2023-03-22 02:56:41'),
	(815, 9, 2, 'Voluptas cupiditate reprehenderit iusto ut sit.', '2023-03-22 02:56:41'),
	(816, 5, 33, 'Illo aut ut alias sed sit est.', '2023-03-22 02:56:41'),
	(817, 11, 27, 'Maiores quae optio repellat eligendi est.', '2023-03-22 02:56:41'),
	(818, 6, 40, 'Vitae corrupti mollitia ipsam impedit.', '2023-03-22 02:56:41'),
	(819, 4, 42, 'Mollitia est autem quia et.', '2023-03-22 02:56:41'),
	(820, 4, 3, 'Et quia id dolorum eos omnis.', '2023-03-22 02:56:41'),
	(821, 2, 19, 'Amet iure minima culpa nisi.', '2023-03-22 02:56:41'),
	(822, 2, 42, 'Eos placeat perferendis qui eos earum et velit.', '2023-03-22 02:56:41'),
	(823, 2, 12, 'Ut qui molestiae sunt sed maxime sed ut sed.', '2023-03-22 02:56:41'),
	(824, 10, 25, 'Amet omnis occaecati culpa qui nostrum eius ex.', '2023-03-22 02:56:41'),
	(825, 8, 41, 'Exercitationem est quia sit nisi ex.', '2023-03-22 02:56:41'),
	(826, 10, 3, 'Eveniet earum dolor eligendi eveniet qui ut.', '2023-03-22 02:56:41'),
	(827, 4, 7, 'Reprehenderit voluptatem consequatur rem est qui.', '2023-03-22 02:56:41'),
	(828, 6, 13, 'Dignissimos vitae maxime nobis id.', '2023-03-22 02:56:41'),
	(829, 2, 38, 'Nobis sed quia quam laudantium et iste.', '2023-03-22 02:56:41'),
	(830, 2, 42, 'Impedit odit alias laboriosam magni tempora.', '2023-03-22 02:56:41'),
	(831, 7, 22, 'Illo amet iusto quis iste aliquid velit.', '2023-03-22 02:56:41'),
	(832, 9, 34, 'Quam officiis distinctio et fugiat.', '2023-03-22 02:56:41'),
	(833, 8, 31, 'Eligendi expedita impedit reiciendis.', '2023-03-22 02:56:41'),
	(834, 6, 5, 'Nihil et repellendus officiis odit.', '2023-03-22 02:56:41'),
	(835, 2, 8, 'Sunt vero beatae voluptatem.', '2023-03-22 02:56:41'),
	(836, 4, 10, 'Aut omnis sed voluptatem ad voluptates esse.', '2023-03-22 02:56:41'),
	(837, 2, 2, 'Nesciunt doloremque enim cum qui et omnis qui.', '2023-03-22 02:56:41'),
	(838, 4, 15, 'Explicabo maxime velit et esse ut mollitia.', '2023-03-22 02:56:41'),
	(839, 11, 2, 'Consequatur veritatis dolor non reiciendis iusto.', '2023-03-22 02:56:41'),
	(840, 9, 28, 'Mollitia enim aperiam id sed.', '2023-03-22 02:56:41'),
	(841, 3, 41, 'Sit qui ipsam in et in.', '2023-03-22 02:56:41'),
	(842, 4, 41, 'Explicabo perspiciatis eius et sed esse mollitia.', '2023-03-22 02:56:41'),
	(843, 7, 4, 'Aut eveniet omnis est possimus.', '2023-03-22 02:56:41'),
	(844, 7, 4, 'Omnis culpa doloribus alias.', '2023-03-22 02:56:41'),
	(845, 2, 21, 'Nihil deserunt nam illo nihil.', '2023-03-22 02:56:41'),
	(846, 11, 17, 'Numquam ipsum inventore qui omnis ut porro nulla.', '2023-03-22 02:56:41'),
	(847, 11, 39, 'Aspernatur aut et suscipit placeat.', '2023-03-22 02:56:41'),
	(848, 9, 12, 'Neque quis non qui fugiat illo.', '2023-03-22 02:56:41'),
	(849, 8, 29, 'Est rerum sunt laudantium consequatur aut illo.', '2023-03-22 02:56:41'),
	(850, 2, 19, 'Voluptatibus in vitae molestias.', '2023-03-22 02:56:41'),
	(851, 10, 37, 'Enim qui voluptas ad illo similique.', '2023-03-22 02:56:41'),
	(852, 11, 1, 'Cupiditate voluptatibus repellendus enim.', '2023-03-22 02:56:41'),
	(853, 4, 9, 'Magnam eaque deserunt laborum est atque expedita.', '2023-03-22 02:56:41'),
	(854, 11, 17, 'Beatae consequuntur veritatis eos sapiente.', '2023-03-22 02:56:41'),
	(855, 3, 8, 'Tempora dolores aut unde in.', '2023-03-22 02:56:41'),
	(856, 9, 21, 'Aut ut et ut quasi eum.', '2023-03-22 02:56:41'),
	(857, 11, 21, 'Qui adipisci dolor voluptates ducimus cum.', '2023-03-22 02:56:41'),
	(858, 11, 37, 'Aut non veritatis quia quae saepe.', '2023-03-22 02:56:41'),
	(859, 5, 8, 'Illo et nobis ipsum sed magnam.', '2023-03-22 02:56:41'),
	(860, 5, 10, 'Exercitationem sequi quo id ut adipisci.', '2023-03-22 02:56:41'),
	(861, 4, 25, 'Exercitationem odit dolor hic.', '2023-03-22 02:56:41'),
	(862, 7, 43, 'Quas ut voluptas qui adipisci ullam maxime ea.', '2023-03-22 02:56:41'),
	(863, 5, 22, 'Laborum et minus quisquam quae.', '2023-03-22 02:56:41'),
	(864, 9, 24, 'Earum quis odit quia nulla at deleniti vitae.', '2023-03-22 02:56:41'),
	(865, 4, 34, 'Esse vel cupiditate praesentium tempora voluptas.', '2023-03-22 02:56:41'),
	(866, 8, 39, 'Dolores vero ratione quaerat qui qui.', '2023-03-22 02:56:41'),
	(867, 6, 1, 'Autem aut unde sapiente et qui.', '2023-03-22 02:56:41'),
	(868, 3, 40, 'Vero quod at qui deserunt rerum vel asperiores.', '2023-03-22 02:56:41'),
	(869, 11, 45, 'Eum eos consequatur esse non.', '2023-03-22 02:56:41'),
	(870, 2, 21, 'Iure aliquam sit ea vel laborum.', '2023-03-22 02:56:41'),
	(871, 6, 31, 'Sequi et quia reiciendis et.', '2023-03-22 02:56:41'),
	(872, 8, 16, 'Assumenda et est molestiae ipsa.', '2023-03-22 02:56:41'),
	(873, 8, 24, 'Sapiente aut non adipisci qui aut molestias.', '2023-03-22 02:56:41'),
	(874, 7, 6, 'Nostrum veniam et quis molestiae a soluta.', '2023-03-22 02:56:41'),
	(875, 9, 7, 'Fuga impedit atque libero eius aperiam ut.', '2023-03-22 02:56:41'),
	(876, 10, 37, 'Et qui officiis earum.', '2023-03-22 02:56:41'),
	(877, 6, 7, 'Fugit est quia voluptatem.', '2023-03-22 02:56:41'),
	(878, 5, 13, 'Sit neque omnis eaque et.', '2023-03-22 02:56:41'),
	(879, 8, 27, 'Nihil vel neque quibusdam magnam.', '2023-03-22 02:56:41'),
	(880, 3, 6, 'Iste doloremque libero voluptas recusandae.', '2023-03-22 02:56:41'),
	(881, 8, 43, 'Et repudiandae distinctio eos consequatur.', '2023-03-22 02:56:41'),
	(882, 5, 26, 'At minima aperiam reiciendis esse non non.', '2023-03-22 02:56:41'),
	(883, 3, 37, 'Nemo corrupti velit et ex.', '2023-03-22 02:56:41'),
	(884, 7, 10, 'Quibusdam dolores adipisci eius ut velit.', '2023-03-22 02:56:41'),
	(885, 3, 34, 'Et amet sed ut optio.', '2023-03-22 02:56:41'),
	(886, 9, 17, 'Sed et sunt laudantium consequuntur.', '2023-03-22 02:56:41'),
	(887, 8, 14, 'Ut aliquid vitae similique et expedita qui.', '2023-03-22 02:56:41'),
	(888, 5, 37, 'Officia occaecati eum itaque.', '2023-03-22 02:56:41'),
	(889, 2, 10, 'Voluptatem quaerat quaerat fugiat quae sequi et.', '2023-03-22 02:56:41'),
	(890, 9, 30, 'Quo rerum esse perspiciatis quae animi.', '2023-03-22 02:56:41'),
	(891, 9, 36, 'Illo sit est sit eum consequatur sint laborum.', '2023-03-22 02:56:41'),
	(892, 11, 16, 'Qui occaecati id qui ratione neque.', '2023-03-22 02:56:41'),
	(893, 7, 29, 'Deserunt est officia nihil sit explicabo.', '2023-03-22 02:56:41'),
	(894, 6, 3, 'Eum cum vel delectus laborum officiis quos.', '2023-03-22 02:56:41'),
	(895, 7, 7, 'In dolor qui ut rerum ea sit quis.', '2023-03-22 02:56:41'),
	(896, 2, 32, 'Quia minus est in soluta.', '2023-03-22 02:56:41'),
	(897, 3, 22, 'Consequatur autem hic est harum.', '2023-03-22 02:56:41'),
	(898, 10, 15, 'Eos rerum cumque illo sunt esse.', '2023-03-22 02:56:41'),
	(899, 3, 23, 'Maxime cumque neque quam excepturi hic veniam.', '2023-03-22 02:56:41'),
	(900, 5, 38, 'Est tenetur in eligendi repellendus.', '2023-03-22 02:56:41'),
	(901, 4, 38, 'Rerum quia culpa nihil minus ipsam facilis.', '2023-03-22 02:56:41'),
	(902, 4, 6, 'Delectus voluptatem ex eius ducimus.', '2023-03-22 02:56:41'),
	(903, 7, 29, 'Sunt itaque perferendis autem dolor non.', '2023-03-22 02:56:41'),
	(904, 10, 34, 'Dolorem fugit sint perferendis est repellat.', '2023-03-22 02:56:41'),
	(905, 8, 39, 'Deleniti qui alias aut ut.', '2023-03-22 02:56:41'),
	(906, 2, 9, 'A veniam consequatur omnis maxime sint.', '2023-03-22 02:56:41'),
	(907, 11, 27, 'Et eligendi quo laborum saepe tempora aut.', '2023-03-22 02:56:41'),
	(908, 4, 43, 'Suscipit error sed dolores qui aut.', '2023-03-22 02:56:41'),
	(909, 5, 39, 'Ratione qui et culpa nihil dolorem provident et.', '2023-03-22 02:56:41'),
	(910, 11, 33, 'Odit id id non incidunt.', '2023-03-22 02:56:41'),
	(911, 3, 1, 'Et omnis fugit quae aliquam deserunt soluta vel.', '2023-03-22 02:56:41'),
	(912, 6, 2, 'Nemo dicta ut nemo dicta sunt aliquid eveniet.', '2023-03-22 02:56:41'),
	(913, 5, 7, 'Iste voluptatem saepe numquam quis quo.', '2023-03-22 02:56:41'),
	(914, 9, 11, 'Magnam nam dolor vero cumque quis.', '2023-03-22 02:56:41'),
	(915, 4, 16, 'Esse quis est officiis quidem dolorem.', '2023-03-22 02:56:41'),
	(916, 2, 4, 'Dolor velit provident et distinctio.', '2023-03-22 02:56:41'),
	(917, 2, 6, 'Ratione voluptatem qui in ipsam aut nostrum.', '2023-03-22 02:56:41'),
	(918, 2, 9, 'Aliquid eum est laborum provident est quae qui.', '2023-03-22 02:56:41'),
	(919, 10, 26, 'Et tenetur alias eligendi.', '2023-03-22 02:56:41'),
	(920, 4, 30, 'Repellat cum libero et qui.', '2023-03-22 02:56:41'),
	(921, 4, 40, 'Quo tenetur tempora tenetur.', '2023-03-22 02:56:41'),
	(922, 8, 6, 'Adipisci nulla velit ea porro ut laborum.', '2023-03-22 02:56:41'),
	(923, 9, 19, 'Neque porro qui similique voluptatem.', '2023-03-22 02:56:41'),
	(924, 9, 36, 'At consequatur sed aut commodi quasi error.', '2023-03-22 02:56:41'),
	(925, 11, 4, 'Dolores quod aut iure et hic ab facilis.', '2023-03-22 02:56:41'),
	(926, 3, 13, 'Soluta error quisquam nulla nihil.', '2023-03-22 02:56:41'),
	(927, 3, 24, 'Incidunt sed id ut non et.', '2023-03-22 02:56:41'),
	(928, 5, 26, 'Id impedit ducimus odio aliquam sunt veritatis.', '2023-03-22 02:56:41'),
	(929, 10, 14, 'Optio enim at sit nihil aperiam eaque saepe.', '2023-03-22 02:56:41'),
	(930, 5, 38, 'In modi sit ratione pariatur.', '2023-03-22 02:56:41'),
	(931, 5, 23, 'Nemo ab qui veritatis excepturi et.', '2023-03-22 02:56:41'),
	(932, 11, 6, 'Rerum atque vel ea minus.', '2023-03-22 02:56:41'),
	(933, 8, 8, 'Facilis in tenetur impedit.', '2023-03-22 02:56:41'),
	(934, 8, 15, 'Doloremque vitae impedit ex blanditiis at.', '2023-03-22 02:56:41'),
	(935, 6, 41, 'Ex tempora esse quo libero.', '2023-03-22 02:56:41'),
	(936, 6, 41, 'Rerum possimus ratione sit qui maxime.', '2023-03-22 02:56:41'),
	(937, 3, 5, 'Iusto officia harum quis facilis sed.', '2023-03-22 02:56:41'),
	(938, 7, 36, 'Eum iste porro illum.', '2023-03-22 02:56:41'),
	(939, 10, 24, 'Nihil laboriosam dolor distinctio at.', '2023-03-22 02:56:41'),
	(940, 9, 22, 'Placeat officia illo sapiente eum porro ex sed.', '2023-03-22 02:56:41'),
	(941, 2, 44, 'Nihil ut unde quia rem nulla minima.', '2023-03-22 02:56:41'),
	(942, 5, 33, 'Sed quo porro consectetur aut quia.', '2023-03-22 02:56:41'),
	(943, 11, 16, 'Reprehenderit iure rem est est esse non.', '2023-03-22 02:56:41'),
	(944, 6, 32, 'Alias dignissimos non vitae unde.', '2023-03-22 02:56:41'),
	(945, 11, 27, 'Nisi ratione animi aspernatur voluptas iusto.', '2023-03-22 02:56:41'),
	(946, 3, 6, 'Deserunt dolorem aliquam asperiores suscipit quo.', '2023-03-22 02:56:41'),
	(947, 10, 11, 'Aperiam occaecati pariatur eum est.', '2023-03-22 02:56:41'),
	(948, 3, 22, 'Eligendi neque explicabo eum.', '2023-03-22 02:56:41'),
	(949, 10, 10, 'Sint sapiente et quis non eius in sit assumenda.', '2023-03-22 02:56:41'),
	(950, 10, 5, 'Similique odit ut et vitae quidem non.', '2023-03-22 02:56:41'),
	(951, 10, 15, 'Officia eaque soluta rerum a odit.', '2023-03-22 02:56:41'),
	(952, 3, 28, 'Aut sint facere reiciendis aut explicabo maiores.', '2023-03-22 02:56:41'),
	(953, 8, 12, 'Tenetur ipsa illum deserunt corporis vero sed.', '2023-03-22 02:56:41'),
	(954, 5, 29, 'Dolores molestias quisquam et omnis ut autem qui.', '2023-03-22 02:56:41'),
	(955, 4, 12, 'Et vel qui fugiat.', '2023-03-22 02:56:41'),
	(956, 11, 36, 'Veniam itaque a ipsam id eos excepturi sit error.', '2023-03-22 02:56:41'),
	(957, 5, 33, 'Inventore aut adipisci facere eaque sed non.', '2023-03-22 02:56:41'),
	(958, 5, 21, 'Nesciunt rem doloribus autem repellendus.', '2023-03-22 02:56:41'),
	(959, 11, 8, 'Assumenda minus enim omnis ullam.', '2023-03-22 02:56:41'),
	(960, 7, 12, 'Non est ut sed et.', '2023-03-22 02:56:41'),
	(961, 6, 31, 'Veniam non molestias neque nemo a culpa.', '2023-03-22 02:56:41'),
	(962, 8, 41, 'Autem fugit veritatis fugit quia cupiditate sed.', '2023-03-22 02:56:41'),
	(963, 4, 6, 'Labore officia tenetur maxime ad.', '2023-03-22 02:56:41'),
	(964, 7, 3, 'Cumque est nulla voluptatum.', '2023-03-22 02:56:41'),
	(965, 2, 9, 'Eius quis autem ipsum.', '2023-03-22 02:56:41'),
	(966, 9, 35, 'Aliquid tempore mollitia laborum iure.', '2023-03-22 02:56:41'),
	(967, 8, 18, 'Eos quis consequatur dolores magni.', '2023-03-22 02:56:41'),
	(968, 7, 24, 'Optio cum deleniti id tempore.', '2023-03-22 02:56:41'),
	(969, 8, 24, 'Ullam maxime nihil cupiditate enim.', '2023-03-22 02:56:41'),
	(970, 6, 18, 'Maxime non ut nemo.', '2023-03-22 02:56:41'),
	(971, 10, 21, 'Non facere non et cumque.', '2023-03-22 02:56:41'),
	(972, 3, 14, 'Sed id tempore impedit ab et est.', '2023-03-22 02:56:41'),
	(973, 7, 43, 'Ut non natus qui unde et nostrum aspernatur.', '2023-03-22 02:56:41'),
	(974, 8, 9, 'Et enim laudantium consequuntur est voluptas.', '2023-03-22 02:56:41'),
	(975, 11, 19, 'Ad ut in praesentium rerum ut.', '2023-03-22 02:56:41'),
	(976, 7, 5, 'Qui recusandae est error ex rem non.', '2023-03-22 02:56:41'),
	(977, 4, 32, 'Rerum iste porro est recusandae non.', '2023-03-22 02:56:41'),
	(978, 4, 41, 'Totam asperiores illo id quia repellat.', '2023-03-22 02:56:41'),
	(979, 3, 14, 'Velit magnam error expedita.', '2023-03-22 02:56:41'),
	(980, 2, 31, 'Et totam veritatis voluptatem labore et.', '2023-03-22 02:56:41'),
	(981, 4, 23, 'Sint ut repellendus rerum et.', '2023-03-22 02:56:41'),
	(982, 3, 27, 'In tempore non et qui doloremque non.', '2023-03-22 02:56:41'),
	(983, 8, 30, 'Ut officia impedit quo consectetur maxime eos.', '2023-03-22 02:56:41'),
	(984, 10, 26, 'In ipsa molestiae doloribus aut sint ea.', '2023-03-22 02:56:41'),
	(985, 5, 30, 'Iste nisi autem cumque praesentium.', '2023-03-22 02:56:41'),
	(986, 9, 9, 'Porro et nisi facere at ratione quisquam illum.', '2023-03-22 02:56:41'),
	(987, 11, 41, 'Est esse assumenda in vel recusandae et sunt.', '2023-03-22 02:56:41'),
	(988, 8, 29, 'Tenetur itaque soluta eaque placeat.', '2023-03-22 02:56:41'),
	(989, 4, 4, 'Qui tempore natus beatae cumque fuga.', '2023-03-22 02:56:41'),
	(990, 10, 18, 'Facilis ut voluptate unde a nihil.', '2023-03-22 02:56:41'),
	(991, 9, 8, 'Voluptas eligendi quia voluptas quas iste.', '2023-03-22 02:56:41'),
	(992, 9, 20, 'Cum est veritatis numquam nulla.', '2023-03-22 02:56:41'),
	(993, 11, 21, 'Molestiae quia laudantium in omnis in quia.', '2023-03-22 02:56:41'),
	(994, 9, 16, 'Esse eos inventore aut ipsam possimus laudantium.', '2023-03-22 02:56:41'),
	(995, 2, 31, 'Iusto ratione quis voluptate dicta.', '2023-03-22 02:56:41'),
	(996, 4, 26, 'Magni fugit neque porro facilis non qui ratione.', '2023-03-22 02:56:41'),
	(997, 8, 45, 'Recusandae veritatis ea delectus rerum dolorem.', '2023-03-22 02:56:41'),
	(998, 5, 5, 'Doloremque in quos quasi error consequatur.', '2023-03-22 02:56:41'),
	(999, 3, 22, 'Velit sint dolor deleniti nihil.', '2023-03-22 02:56:41'),
	(1000, 6, 29, 'Occaecati facere ducimus est quos aut.', '2023-03-22 02:56:41');
/*!40000 ALTER TABLE `comment` ENABLE KEYS */;

-- Dumping structure for table snowtricks.messenger_messages
CREATE TABLE IF NOT EXISTS `messenger_messages` (
  `id` bigint NOT NULL AUTO_INCREMENT,
  `body` longtext COLLATE utf8mb4_unicode_ci NOT NULL,
  `headers` longtext COLLATE utf8mb4_unicode_ci NOT NULL,
  `queue_name` varchar(190) COLLATE utf8mb4_unicode_ci NOT NULL,
  `created_at` datetime NOT NULL,
  `available_at` datetime NOT NULL,
  `delivered_at` datetime DEFAULT NULL,
  PRIMARY KEY (`id`),
  KEY `IDX_75EA56E0FB7336F0` (`queue_name`),
  KEY `IDX_75EA56E0E3BD61CE` (`available_at`),
  KEY `IDX_75EA56E016BA31DB` (`delivered_at`)
) ENGINE=InnoDB DEFAULT CHARSET=utf8mb4 COLLATE=utf8mb4_unicode_ci;

-- Dumping data for table snowtricks.messenger_messages: ~0 rows (approximately)
DELETE FROM `messenger_messages`;
/*!40000 ALTER TABLE `messenger_messages` DISABLE KEYS */;
/*!40000 ALTER TABLE `messenger_messages` ENABLE KEYS */;

-- Dumping structure for table snowtricks.trick
CREATE TABLE IF NOT EXISTS `trick` (
  `id` int NOT NULL AUTO_INCREMENT,
  `category_id` int NOT NULL,
  `author_id` int NOT NULL,
  `updated_by_id` int DEFAULT NULL,
  `title` varchar(255) COLLATE utf8mb4_unicode_ci NOT NULL,
  `slug` varchar(255) COLLATE utf8mb4_unicode_ci NOT NULL,
  `description` varchar(3000) COLLATE utf8mb4_unicode_ci NOT NULL,
  `created_at` datetime NOT NULL DEFAULT CURRENT_TIMESTAMP COMMENT '(DC2Type:datetime_immutable)',
  `updated_at` datetime NOT NULL DEFAULT CURRENT_TIMESTAMP COMMENT '(DC2Type:datetime_immutable)',
  PRIMARY KEY (`id`),
  UNIQUE KEY `UNIQ_D8F0A91E2B36786B` (`title`),
  UNIQUE KEY `UNIQ_D8F0A91E989D9B62` (`slug`),
  KEY `IDX_D8F0A91E12469DE2` (`category_id`),
  KEY `IDX_D8F0A91EF675F31B` (`author_id`),
  KEY `IDX_D8F0A91E896DBBDE` (`updated_by_id`),
  CONSTRAINT `FK_D8F0A91E12469DE2` FOREIGN KEY (`category_id`) REFERENCES `trick_category` (`id`),
  CONSTRAINT `FK_D8F0A91E896DBBDE` FOREIGN KEY (`updated_by_id`) REFERENCES `user` (`id`),
  CONSTRAINT `FK_D8F0A91EF675F31B` FOREIGN KEY (`author_id`) REFERENCES `user` (`id`)
) ENGINE=InnoDB AUTO_INCREMENT=46 DEFAULT CHARSET=utf8mb4 COLLATE=utf8mb4_unicode_ci;

-- Dumping data for table snowtricks.trick: ~45 rows (approximately)
DELETE FROM `trick`;
/*!40000 ALTER TABLE `trick` DISABLE KEYS */;
INSERT INTO `trick` (`id`, `category_id`, `author_id`, `updated_by_id`, `title`, `slug`, `description`, `created_at`, `updated_at`) VALUES
	(1, 1, 11, NULL, 'Stalefish', 'stalefish', 'Saisie de la carre backside de la planche entre les deux pieds avec la main arrire. Un grab consiste  attraper la planche avec la main pendant le saut. Un grab est d\'autant plus russi que la saisie est longue. De plus, le saut est d\'autant plus esthtique que la saisie du snowboard est franche, ce qui permet au rideur d\'accentuer la torsion de son corps grce  la tension de sa main sur la planche. On dit alors que le grab est tweak (le verbe anglais to tweak signifie  pincer  mais a galement le sens de  peaufiner ', '2023-03-22 02:56:41', '2023-03-22 02:56:41'),
	(2, 1, 7, NULL, 'Tail grab', 'tail-grab', 'Saisie de la partie arrire de la planche, avec la main arrire. Un grab consiste  attraper la planche avec la main pendant le saut. Un grab est d\'autant plus russi que la saisie est longue. De plus, le saut est d\'autant plus esthtique que la saisie du snowboard est franche, ce qui permet au rideur d\'accentuer la torsion de son corps grce  la tension de sa main sur la planche. On dit alors que le grab est tweak (le verbe anglais to tweak signifie  pincer  mais a galement le sens de  peaufiner ).', '2023-03-22 02:56:41', '2023-03-22 02:56:41'),
	(3, 1, 7, NULL, 'Truck driver', 'truck-driver', 'Saisie du carre avant et carre arrire avec chaque main (comme tenir un volant de voiture). Un grab consiste  attraper la planche avec la main pendant le saut. Un grab est d\'autant plus russi que la saisie est longue. De plus, le saut est d\'autant plus esthtique que la saisie du snowboard est franche, ce qui permet au rideur d\'accentuer la torsion de son corps grce  la tension de sa main sur la planche. On dit alors que le grab est tweak (le verbe anglais to tweak signifie  pincer  mais a galement le sens de  peaufiner ).', '2023-03-22 02:56:41', '2023-03-22 02:56:41'),
	(4, 1, 11, NULL, 'Indy', 'indy', 'Saisie de la carre frontside de la planche, entre les deux pieds, avec la main arrire. Un grab consiste  attraper la planche avec la main pendant le saut. Un grab est d\'autant plus russi que la saisie est longue. De plus, le saut est d\'autant plus esthtique que la saisie du snowboard est franche, ce qui permet au rideur d\'accentuer la torsion de son corps grce  la tension de sa main sur la planche. On dit alors que le grab est tweak (le verbe anglais to tweak signifie  pincer  mais a galement le sens de  peaufiner ', '2023-03-22 02:56:41', '2023-03-22 02:56:41'),
	(5, 1, 3, NULL, 'Mute', 'mute', 'Saisie de la carre frontside de la planche entre les deux pieds avec la main avant. Un grab consiste  attraper la planche avec la main pendant le saut. Un grab est d\'autant plus russi que la saisie est longue. De plus, le saut est d\'autant plus esthtique que la saisie du snowboard est franche, ce qui permet au rideur d\'accentuer la torsion de son corps grce  la tension de sa main sur la planche. On dit alors que le grab est tweak (le verbe anglais to tweak signifie  pincer  mais a galement le sens de  peaufiner ', '2023-03-22 02:56:41', '2023-03-22 02:56:41'),
	(6, 1, 2, NULL, 'Nose grab', 'nose-grab', 'Saisie de la partie avant de la planche, avec la main avant. Un grab consiste  attraper la planche avec la main pendant le saut. Un grab est d\'autant plus russi que la saisie est longue. De plus, le saut est d\'autant plus esthtique que la saisie du snowboard est franche, ce qui permet au rideur d\'accentuer la torsion de son corps grce  la tension de sa main sur la planche. On dit alors que le grab est tweak (le verbe anglais to tweak signifie  pincer  mais a galement le sens de  peaufiner ).', '2023-03-22 02:56:41', '2023-03-22 02:56:41'),
	(7, 2, 2, NULL, '360 ou trois six', '360-ou-trois-six', 'Un tour complet, soit 360 degrs. On dsigne par le mot  rotation  uniquement des rotations horizontales ; les rotations verticales sont des flips. Le principe est d\'effectuer une rotation horizontale pendant le saut, puis d\'attrir en position switch ou normal. Une rotation peut tre agrmente d\'un grab, ce qui rend le saut plus esthtique mais aussi plus difficile car la position tweake a tendance  dsquilibrer le rideur et dsaxer la rotation. De plus, le sens de la rotation a tendance  favoriser un sens de grab plutt qu\'un autre.', '2023-03-22 02:56:41', '2023-03-22 02:56:41'),
	(8, 2, 6, NULL, '1080 ou big foot ', '1080-ou-big-foot', 'Trois tours complet, soit 1080 degrs. On dsigne par le mot  rotation  uniquement des rotations horizontales ; les rotations verticales sont des flips. Le principe est d\'effectuer une rotation horizontale pendant le saut, puis d\'attrir en position switch ou normal. Une rotation peut tre agrmente d\'un grab, ce qui rend le saut plus esthtique mais aussi plus difficile car la position tweake a tendance  dsquilibrer le rideur et dsaxer la rotation. De plus, le sens de la rotation a tendance  favoriser un sens de grab plutt qu\'un autre.', '2023-03-22 02:56:41', '2023-03-22 02:56:41'),
	(9, 3, 5, NULL, 'Front flip', 'front-flip', 'Un flip est une rotation verticale. On distingue les front flips, rotations en avant, et les back flips, rotations en arrire. Il est possible de faire plusieurs flips  la suite, et d\'ajouter un grab  la rotation. Les flips agrments d\'une vrille existent aussi (Mac Twist, Hakon Flip...), mais de manire beaucoup plus rare, et se confondent souvent avec certaines rotations horizontales dsaxes. Nanmoins, en dpit de la difficult technique relative d\'une telle figure, le danger de retomber sur la tte ou la nuque est rel et conduit certaines stations de ski  interdire de telles figures dans ses snowparks..', '2023-03-22 02:56:41', '2023-03-22 02:56:41'),
	(10, 3, 7, NULL, 'Back flip', 'back-flip', 'Un flip est une rotation verticale. On distingue les front flips, rotations en avant, et les back flips, rotations en arrire. Il est possible de faire plusieurs flips  la suite, et d\'ajouter un grab  la rotation. Les flips agrments d\'une vrille existent aussi (Mac Twist, Hakon Flip...), mais de manire beaucoup plus rare, et se confondent souvent avec certaines rotations horizontales dsaxes. Nanmoins, en dpit de la difficult technique relative d\'une telle figure, le danger de retomber sur la tte ou la nuque est rel et conduit certaines stations de ski  interdire de telles figures dans ses snowparks..', '2023-03-22 02:56:41', '2023-03-22 02:56:41'),
	(11, 3, 5, NULL, 'Trick de test n1', 'trick-de-test-n01', 'Lorem Ipsum is simply dummy text of the printing and typesetting industry. Lorem Ipsum has been the industry\'s standard dummy text ever since the 1500s, when an unknown printer took a galley of type and scrambled it to make a type specimen book. It has survived not only five centuries, but also the leap into electronic typesetting, remaining essentially unchanged. It was popularised in the 1960s with the release of Letraset sheets containing Lorem Ipsum passages, and more recently with desktop publishing software like Aldus PageMaker including versions of Lorem Ipsum.', '2023-03-22 02:56:41', '2023-03-22 02:56:41'),
	(12, 1, 5, NULL, 'Trick de test n2', 'trick-de-test-n02', 'Lorem Ipsum is simply dummy text of the printing and typesetting industry. Lorem Ipsum has been the industry\'s standard dummy text ever since the 1500s, when an unknown printer took a galley of type and scrambled it to make a type specimen book. It has survived not only five centuries, but also the leap into electronic typesetting, remaining essentially unchanged. It was popularised in the 1960s with the release of Letraset sheets containing Lorem Ipsum passages, and more recently with desktop publishing software like Aldus PageMaker including versions of Lorem Ipsum.', '2023-03-22 02:56:41', '2023-03-22 02:56:41'),
	(13, 1, 6, NULL, 'Trick de test n3', 'trick-de-test-n03', 'Lorem Ipsum is simply dummy text of the printing and typesetting industry. Lorem Ipsum has been the industry\'s standard dummy text ever since the 1500s, when an unknown printer took a galley of type and scrambled it to make a type specimen book. It has survived not only five centuries, but also the leap into electronic typesetting, remaining essentially unchanged. It was popularised in the 1960s with the release of Letraset sheets containing Lorem Ipsum passages, and more recently with desktop publishing software like Aldus PageMaker including versions of Lorem Ipsum.', '2023-03-22 02:56:41', '2023-03-22 02:56:41'),
	(14, 1, 4, NULL, 'Trick de test n4', 'trick-de-test-n04', 'Lorem Ipsum is simply dummy text of the printing and typesetting industry. Lorem Ipsum has been the industry\'s standard dummy text ever since the 1500s, when an unknown printer took a galley of type and scrambled it to make a type specimen book. It has survived not only five centuries, but also the leap into electronic typesetting, remaining essentially unchanged. It was popularised in the 1960s with the release of Letraset sheets containing Lorem Ipsum passages, and more recently with desktop publishing software like Aldus PageMaker including versions of Lorem Ipsum.', '2023-03-22 02:56:41', '2023-03-22 02:56:41'),
	(15, 1, 11, NULL, 'Trick de test n5', 'trick-de-test-n05', 'Lorem Ipsum is simply dummy text of the printing and typesetting industry. Lorem Ipsum has been the industry\'s standard dummy text ever since the 1500s, when an unknown printer took a galley of type and scrambled it to make a type specimen book. It has survived not only five centuries, but also the leap into electronic typesetting, remaining essentially unchanged. It was popularised in the 1960s with the release of Letraset sheets containing Lorem Ipsum passages, and more recently with desktop publishing software like Aldus PageMaker including versions of Lorem Ipsum.', '2023-03-22 02:56:41', '2023-03-22 02:56:41'),
	(16, 1, 3, NULL, 'Trick de test n6', 'trick-de-test-n06', 'Lorem Ipsum is simply dummy text of the printing and typesetting industry. Lorem Ipsum has been the industry\'s standard dummy text ever since the 1500s, when an unknown printer took a galley of type and scrambled it to make a type specimen book. It has survived not only five centuries, but also the leap into electronic typesetting, remaining essentially unchanged. It was popularised in the 1960s with the release of Letraset sheets containing Lorem Ipsum passages, and more recently with desktop publishing software like Aldus PageMaker including versions of Lorem Ipsum.', '2023-03-22 02:56:41', '2023-03-22 02:56:41'),
	(17, 3, 6, NULL, 'Trick de test n7', 'trick-de-test-n07', 'Lorem Ipsum is simply dummy text of the printing and typesetting industry. Lorem Ipsum has been the industry\'s standard dummy text ever since the 1500s, when an unknown printer took a galley of type and scrambled it to make a type specimen book. It has survived not only five centuries, but also the leap into electronic typesetting, remaining essentially unchanged. It was popularised in the 1960s with the release of Letraset sheets containing Lorem Ipsum passages, and more recently with desktop publishing software like Aldus PageMaker including versions of Lorem Ipsum.', '2023-03-22 02:56:41', '2023-03-22 02:56:41'),
	(18, 1, 9, NULL, 'Trick de test n8', 'trick-de-test-n08', 'Lorem Ipsum is simply dummy text of the printing and typesetting industry. Lorem Ipsum has been the industry\'s standard dummy text ever since the 1500s, when an unknown printer took a galley of type and scrambled it to make a type specimen book. It has survived not only five centuries, but also the leap into electronic typesetting, remaining essentially unchanged. It was popularised in the 1960s with the release of Letraset sheets containing Lorem Ipsum passages, and more recently with desktop publishing software like Aldus PageMaker including versions of Lorem Ipsum.', '2023-03-22 02:56:41', '2023-03-22 02:56:41'),
	(19, 1, 6, NULL, 'Trick de test n9', 'trick-de-test-n09', 'Lorem Ipsum is simply dummy text of the printing and typesetting industry. Lorem Ipsum has been the industry\'s standard dummy text ever since the 1500s, when an unknown printer took a galley of type and scrambled it to make a type specimen book. It has survived not only five centuries, but also the leap into electronic typesetting, remaining essentially unchanged. It was popularised in the 1960s with the release of Letraset sheets containing Lorem Ipsum passages, and more recently with desktop publishing software like Aldus PageMaker including versions of Lorem Ipsum.', '2023-03-22 02:56:41', '2023-03-22 02:56:41'),
	(20, 3, 3, NULL, 'Trick de test n10', 'trick-de-test-n010', 'Lorem Ipsum is simply dummy text of the printing and typesetting industry. Lorem Ipsum has been the industry\'s standard dummy text ever since the 1500s, when an unknown printer took a galley of type and scrambled it to make a type specimen book. It has survived not only five centuries, but also the leap into electronic typesetting, remaining essentially unchanged. It was popularised in the 1960s with the release of Letraset sheets containing Lorem Ipsum passages, and more recently with desktop publishing software like Aldus PageMaker including versions of Lorem Ipsum.', '2023-03-22 02:56:41', '2023-03-22 02:56:41'),
	(21, 2, 6, NULL, 'Trick de test n11', 'trick-de-test-n011', 'Lorem Ipsum is simply dummy text of the printing and typesetting industry. Lorem Ipsum has been the industry\'s standard dummy text ever since the 1500s, when an unknown printer took a galley of type and scrambled it to make a type specimen book. It has survived not only five centuries, but also the leap into electronic typesetting, remaining essentially unchanged. It was popularised in the 1960s with the release of Letraset sheets containing Lorem Ipsum passages, and more recently with desktop publishing software like Aldus PageMaker including versions of Lorem Ipsum.', '2023-03-22 02:56:41', '2023-03-22 02:56:41'),
	(22, 3, 5, NULL, 'Trick de test n12', 'trick-de-test-n012', 'Lorem Ipsum is simply dummy text of the printing and typesetting industry. Lorem Ipsum has been the industry\'s standard dummy text ever since the 1500s, when an unknown printer took a galley of type and scrambled it to make a type specimen book. It has survived not only five centuries, but also the leap into electronic typesetting, remaining essentially unchanged. It was popularised in the 1960s with the release of Letraset sheets containing Lorem Ipsum passages, and more recently with desktop publishing software like Aldus PageMaker including versions of Lorem Ipsum.', '2023-03-22 02:56:41', '2023-03-22 02:56:41'),
	(23, 2, 10, NULL, 'Trick de test n13', 'trick-de-test-n013', 'Lorem Ipsum is simply dummy text of the printing and typesetting industry. Lorem Ipsum has been the industry\'s standard dummy text ever since the 1500s, when an unknown printer took a galley of type and scrambled it to make a type specimen book. It has survived not only five centuries, but also the leap into electronic typesetting, remaining essentially unchanged. It was popularised in the 1960s with the release of Letraset sheets containing Lorem Ipsum passages, and more recently with desktop publishing software like Aldus PageMaker including versions of Lorem Ipsum.', '2023-03-22 02:56:41', '2023-03-22 02:56:41'),
	(24, 4, 3, NULL, 'Trick de test n14', 'trick-de-test-n014', 'Lorem Ipsum is simply dummy text of the printing and typesetting industry. Lorem Ipsum has been the industry\'s standard dummy text ever since the 1500s, when an unknown printer took a galley of type and scrambled it to make a type specimen book. It has survived not only five centuries, but also the leap into electronic typesetting, remaining essentially unchanged. It was popularised in the 1960s with the release of Letraset sheets containing Lorem Ipsum passages, and more recently with desktop publishing software like Aldus PageMaker including versions of Lorem Ipsum.', '2023-03-22 02:56:41', '2023-03-22 02:56:41'),
	(25, 1, 8, NULL, 'Trick de test n15', 'trick-de-test-n015', 'Lorem Ipsum is simply dummy text of the printing and typesetting industry. Lorem Ipsum has been the industry\'s standard dummy text ever since the 1500s, when an unknown printer took a galley of type and scrambled it to make a type specimen book. It has survived not only five centuries, but also the leap into electronic typesetting, remaining essentially unchanged. It was popularised in the 1960s with the release of Letraset sheets containing Lorem Ipsum passages, and more recently with desktop publishing software like Aldus PageMaker including versions of Lorem Ipsum.', '2023-03-22 02:56:41', '2023-03-22 02:56:41'),
	(26, 2, 10, NULL, 'Trick de test n16', 'trick-de-test-n016', 'Lorem Ipsum is simply dummy text of the printing and typesetting industry. Lorem Ipsum has been the industry\'s standard dummy text ever since the 1500s, when an unknown printer took a galley of type and scrambled it to make a type specimen book. It has survived not only five centuries, but also the leap into electronic typesetting, remaining essentially unchanged. It was popularised in the 1960s with the release of Letraset sheets containing Lorem Ipsum passages, and more recently with desktop publishing software like Aldus PageMaker including versions of Lorem Ipsum.', '2023-03-22 02:56:41', '2023-03-22 02:56:41'),
	(27, 1, 5, NULL, 'Trick de test n17', 'trick-de-test-n017', 'Lorem Ipsum is simply dummy text of the printing and typesetting industry. Lorem Ipsum has been the industry\'s standard dummy text ever since the 1500s, when an unknown printer took a galley of type and scrambled it to make a type specimen book. It has survived not only five centuries, but also the leap into electronic typesetting, remaining essentially unchanged. It was popularised in the 1960s with the release of Letraset sheets containing Lorem Ipsum passages, and more recently with desktop publishing software like Aldus PageMaker including versions of Lorem Ipsum.', '2023-03-22 02:56:41', '2023-03-22 02:56:41'),
	(28, 2, 8, NULL, 'Trick de test n18', 'trick-de-test-n018', 'Lorem Ipsum is simply dummy text of the printing and typesetting industry. Lorem Ipsum has been the industry\'s standard dummy text ever since the 1500s, when an unknown printer took a galley of type and scrambled it to make a type specimen book. It has survived not only five centuries, but also the leap into electronic typesetting, remaining essentially unchanged. It was popularised in the 1960s with the release of Letraset sheets containing Lorem Ipsum passages, and more recently with desktop publishing software like Aldus PageMaker including versions of Lorem Ipsum.', '2023-03-22 02:56:41', '2023-03-22 02:56:41'),
	(29, 1, 7, NULL, 'Trick de test n19', 'trick-de-test-n019', 'Lorem Ipsum is simply dummy text of the printing and typesetting industry. Lorem Ipsum has been the industry\'s standard dummy text ever since the 1500s, when an unknown printer took a galley of type and scrambled it to make a type specimen book. It has survived not only five centuries, but also the leap into electronic typesetting, remaining essentially unchanged. It was popularised in the 1960s with the release of Letraset sheets containing Lorem Ipsum passages, and more recently with desktop publishing software like Aldus PageMaker including versions of Lorem Ipsum.', '2023-03-22 02:56:41', '2023-03-22 02:56:41'),
	(30, 4, 8, NULL, 'Trick de test n20', 'trick-de-test-n020', 'Lorem Ipsum is simply dummy text of the printing and typesetting industry. Lorem Ipsum has been the industry\'s standard dummy text ever since the 1500s, when an unknown printer took a galley of type and scrambled it to make a type specimen book. It has survived not only five centuries, but also the leap into electronic typesetting, remaining essentially unchanged. It was popularised in the 1960s with the release of Letraset sheets containing Lorem Ipsum passages, and more recently with desktop publishing software like Aldus PageMaker including versions of Lorem Ipsum.', '2023-03-22 02:56:41', '2023-03-22 02:56:41'),
	(31, 2, 9, NULL, 'Trick de test n21', 'trick-de-test-n021', 'Lorem Ipsum is simply dummy text of the printing and typesetting industry. Lorem Ipsum has been the industry\'s standard dummy text ever since the 1500s, when an unknown printer took a galley of type and scrambled it to make a type specimen book. It has survived not only five centuries, but also the leap into electronic typesetting, remaining essentially unchanged. It was popularised in the 1960s with the release of Letraset sheets containing Lorem Ipsum passages, and more recently with desktop publishing software like Aldus PageMaker including versions of Lorem Ipsum.', '2023-03-22 02:56:41', '2023-03-22 02:56:41'),
	(32, 2, 3, NULL, 'Trick de test n22', 'trick-de-test-n022', 'Lorem Ipsum is simply dummy text of the printing and typesetting industry. Lorem Ipsum has been the industry\'s standard dummy text ever since the 1500s, when an unknown printer took a galley of type and scrambled it to make a type specimen book. It has survived not only five centuries, but also the leap into electronic typesetting, remaining essentially unchanged. It was popularised in the 1960s with the release of Letraset sheets containing Lorem Ipsum passages, and more recently with desktop publishing software like Aldus PageMaker including versions of Lorem Ipsum.', '2023-03-22 02:56:41', '2023-03-22 02:56:41'),
	(33, 1, 6, NULL, 'Trick de test n23', 'trick-de-test-n023', 'Lorem Ipsum is simply dummy text of the printing and typesetting industry. Lorem Ipsum has been the industry\'s standard dummy text ever since the 1500s, when an unknown printer took a galley of type and scrambled it to make a type specimen book. It has survived not only five centuries, but also the leap into electronic typesetting, remaining essentially unchanged. It was popularised in the 1960s with the release of Letraset sheets containing Lorem Ipsum passages, and more recently with desktop publishing software like Aldus PageMaker including versions of Lorem Ipsum.', '2023-03-22 02:56:41', '2023-03-22 02:56:41'),
	(34, 2, 11, NULL, 'Trick de test n24', 'trick-de-test-n024', 'Lorem Ipsum is simply dummy text of the printing and typesetting industry. Lorem Ipsum has been the industry\'s standard dummy text ever since the 1500s, when an unknown printer took a galley of type and scrambled it to make a type specimen book. It has survived not only five centuries, but also the leap into electronic typesetting, remaining essentially unchanged. It was popularised in the 1960s with the release of Letraset sheets containing Lorem Ipsum passages, and more recently with desktop publishing software like Aldus PageMaker including versions of Lorem Ipsum.', '2023-03-22 02:56:41', '2023-03-22 02:56:41'),
	(35, 4, 8, NULL, 'Trick de test n25', 'trick-de-test-n025', 'Lorem Ipsum is simply dummy text of the printing and typesetting industry. Lorem Ipsum has been the industry\'s standard dummy text ever since the 1500s, when an unknown printer took a galley of type and scrambled it to make a type specimen book. It has survived not only five centuries, but also the leap into electronic typesetting, remaining essentially unchanged. It was popularised in the 1960s with the release of Letraset sheets containing Lorem Ipsum passages, and more recently with desktop publishing software like Aldus PageMaker including versions of Lorem Ipsum.', '2023-03-22 02:56:41', '2023-03-22 02:56:41'),
	(36, 3, 4, NULL, 'Trick de test n26', 'trick-de-test-n026', 'Lorem Ipsum is simply dummy text of the printing and typesetting industry. Lorem Ipsum has been the industry\'s standard dummy text ever since the 1500s, when an unknown printer took a galley of type and scrambled it to make a type specimen book. It has survived not only five centuries, but also the leap into electronic typesetting, remaining essentially unchanged. It was popularised in the 1960s with the release of Letraset sheets containing Lorem Ipsum passages, and more recently with desktop publishing software like Aldus PageMaker including versions of Lorem Ipsum.', '2023-03-22 02:56:41', '2023-03-22 02:56:41'),
	(37, 2, 8, NULL, 'Trick de test n27', 'trick-de-test-n027', 'Lorem Ipsum is simply dummy text of the printing and typesetting industry. Lorem Ipsum has been the industry\'s standard dummy text ever since the 1500s, when an unknown printer took a galley of type and scrambled it to make a type specimen book. It has survived not only five centuries, but also the leap into electronic typesetting, remaining essentially unchanged. It was popularised in the 1960s with the release of Letraset sheets containing Lorem Ipsum passages, and more recently with desktop publishing software like Aldus PageMaker including versions of Lorem Ipsum.', '2023-03-22 02:56:41', '2023-03-22 02:56:41'),
	(38, 4, 4, NULL, 'Trick de test n28', 'trick-de-test-n028', 'Lorem Ipsum is simply dummy text of the printing and typesetting industry. Lorem Ipsum has been the industry\'s standard dummy text ever since the 1500s, when an unknown printer took a galley of type and scrambled it to make a type specimen book. It has survived not only five centuries, but also the leap into electronic typesetting, remaining essentially unchanged. It was popularised in the 1960s with the release of Letraset sheets containing Lorem Ipsum passages, and more recently with desktop publishing software like Aldus PageMaker including versions of Lorem Ipsum.', '2023-03-22 02:56:41', '2023-03-22 02:56:41'),
	(39, 2, 5, NULL, 'Trick de test n29', 'trick-de-test-n029', 'Lorem Ipsum is simply dummy text of the printing and typesetting industry. Lorem Ipsum has been the industry\'s standard dummy text ever since the 1500s, when an unknown printer took a galley of type and scrambled it to make a type specimen book. It has survived not only five centuries, but also the leap into electronic typesetting, remaining essentially unchanged. It was popularised in the 1960s with the release of Letraset sheets containing Lorem Ipsum passages, and more recently with desktop publishing software like Aldus PageMaker including versions of Lorem Ipsum.', '2023-03-22 02:56:41', '2023-03-22 02:56:41'),
	(40, 3, 4, NULL, 'Trick de test n30', 'trick-de-test-n030', 'Lorem Ipsum is simply dummy text of the printing and typesetting industry. Lorem Ipsum has been the industry\'s standard dummy text ever since the 1500s, when an unknown printer took a galley of type and scrambled it to make a type specimen book. It has survived not only five centuries, but also the leap into electronic typesetting, remaining essentially unchanged. It was popularised in the 1960s with the release of Letraset sheets containing Lorem Ipsum passages, and more recently with desktop publishing software like Aldus PageMaker including versions of Lorem Ipsum.', '2023-03-22 02:56:41', '2023-03-22 02:56:41'),
	(41, 1, 7, NULL, 'Trick de test n31', 'trick-de-test-n031', 'Lorem Ipsum is simply dummy text of the printing and typesetting industry. Lorem Ipsum has been the industry\'s standard dummy text ever since the 1500s, when an unknown printer took a galley of type and scrambled it to make a type specimen book. It has survived not only five centuries, but also the leap into electronic typesetting, remaining essentially unchanged. It was popularised in the 1960s with the release of Letraset sheets containing Lorem Ipsum passages, and more recently with desktop publishing software like Aldus PageMaker including versions of Lorem Ipsum.', '2023-03-22 02:56:41', '2023-03-22 02:56:41'),
	(42, 2, 2, NULL, 'Trick de test n32', 'trick-de-test-n032', 'Lorem Ipsum is simply dummy text of the printing and typesetting industry. Lorem Ipsum has been the industry\'s standard dummy text ever since the 1500s, when an unknown printer took a galley of type and scrambled it to make a type specimen book. It has survived not only five centuries, but also the leap into electronic typesetting, remaining essentially unchanged. It was popularised in the 1960s with the release of Letraset sheets containing Lorem Ipsum passages, and more recently with desktop publishing software like Aldus PageMaker including versions of Lorem Ipsum.', '2023-03-22 02:56:41', '2023-03-22 02:56:41'),
	(43, 2, 10, NULL, 'Trick de test n33', 'trick-de-test-n033', 'Lorem Ipsum is simply dummy text of the printing and typesetting industry. Lorem Ipsum has been the industry\'s standard dummy text ever since the 1500s, when an unknown printer took a galley of type and scrambled it to make a type specimen book. It has survived not only five centuries, but also the leap into electronic typesetting, remaining essentially unchanged. It was popularised in the 1960s with the release of Letraset sheets containing Lorem Ipsum passages, and more recently with desktop publishing software like Aldus PageMaker including versions of Lorem Ipsum.', '2023-03-22 02:56:41', '2023-03-22 02:56:41'),
	(44, 4, 3, NULL, 'Trick de test n34', 'trick-de-test-n034', 'Lorem Ipsum is simply dummy text of the printing and typesetting industry. Lorem Ipsum has been the industry\'s standard dummy text ever since the 1500s, when an unknown printer took a galley of type and scrambled it to make a type specimen book. It has survived not only five centuries, but also the leap into electronic typesetting, remaining essentially unchanged. It was popularised in the 1960s with the release of Letraset sheets containing Lorem Ipsum passages, and more recently with desktop publishing software like Aldus PageMaker including versions of Lorem Ipsum.', '2023-03-22 02:56:41', '2023-03-22 02:56:41'),
	(45, 3, 6, NULL, 'Trick de test n35', 'trick-de-test-n035', 'Lorem Ipsum is simply dummy text of the printing and typesetting industry. Lorem Ipsum has been the industry\'s standard dummy text ever since the 1500s, when an unknown printer took a galley of type and scrambled it to make a type specimen book. It has survived not only five centuries, but also the leap into electronic typesetting, remaining essentially unchanged. It was popularised in the 1960s with the release of Letraset sheets containing Lorem Ipsum passages, and more recently with desktop publishing software like Aldus PageMaker including versions of Lorem Ipsum.', '2023-03-22 02:56:41', '2023-03-22 02:56:41');
/*!40000 ALTER TABLE `trick` ENABLE KEYS */;

-- Dumping structure for table snowtricks.trick_category
CREATE TABLE IF NOT EXISTS `trick_category` (
  `id` int NOT NULL AUTO_INCREMENT,
  `name` varchar(100) COLLATE utf8mb4_unicode_ci NOT NULL,
  PRIMARY KEY (`id`)
) ENGINE=InnoDB AUTO_INCREMENT=5 DEFAULT CHARSET=utf8mb4 COLLATE=utf8mb4_unicode_ci;

-- Dumping data for table snowtricks.trick_category: ~4 rows (approximately)
DELETE FROM `trick_category`;
/*!40000 ALTER TABLE `trick_category` DISABLE KEYS */;
INSERT INTO `trick_category` (`id`, `name`) VALUES
	(1, 'Grabs'),
	(2, 'Rotations'),
	(3, 'Flips'),
	(4, 'Slides');
/*!40000 ALTER TABLE `trick_category` ENABLE KEYS */;

-- Dumping structure for table snowtricks.trick_image
CREATE TABLE IF NOT EXISTS `trick_image` (
  `id` int NOT NULL AUTO_INCREMENT,
  `trick_id` int NOT NULL,
  `name` varchar(255) COLLATE utf8mb4_unicode_ci NOT NULL,
  PRIMARY KEY (`id`),
  KEY `IDX_E1204E0B281BE2E` (`trick_id`),
  CONSTRAINT `FK_E1204E0B281BE2E` FOREIGN KEY (`trick_id`) REFERENCES `trick` (`id`)
) ENGINE=InnoDB AUTO_INCREMENT=46 DEFAULT CHARSET=utf8mb4 COLLATE=utf8mb4_unicode_ci;

-- Dumping data for table snowtricks.trick_image: ~44 rows (approximately)
DELETE FROM `trick_image`;
/*!40000 ALTER TABLE `trick_image` DISABLE KEYS */;
INSERT INTO `trick_image` (`id`, `trick_id`, `name`) VALUES
	(2, 2, 'TrickFixtures.webp'),
	(3, 3, 'TrickFixtures.webp'),
	(4, 4, 'TrickFixtures.webp'),
	(5, 5, 'TrickFixtures.webp'),
	(6, 6, 'TrickFixtures.webp'),
	(7, 7, 'TrickFixtures.webp'),
	(8, 8, 'TrickFixtures.webp'),
	(9, 9, 'TrickFixtures.webp'),
	(10, 10, 'TrickFixtures.webp'),
	(11, 11, 'TrickFixtures.webp'),
	(12, 12, 'TrickFixtures.webp'),
	(13, 13, 'TrickFixtures.webp'),
	(14, 14, 'TrickFixtures.webp'),
	(15, 15, 'TrickFixtures.webp'),
	(16, 16, 'TrickFixtures.webp'),
	(17, 17, 'TrickFixtures.webp'),
	(18, 18, 'TrickFixtures.webp'),
	(19, 19, 'TrickFixtures.webp'),
	(20, 20, 'TrickFixtures.webp'),
	(21, 21, 'TrickFixtures.webp'),
	(22, 22, 'TrickFixtures.webp'),
	(23, 23, 'TrickFixtures.webp'),
	(24, 24, 'TrickFixtures.webp'),
	(25, 25, 'TrickFixtures.webp'),
	(26, 26, 'TrickFixtures.webp'),
	(27, 27, 'TrickFixtures.webp'),
	(28, 28, 'TrickFixtures.webp'),
	(29, 29, 'TrickFixtures.webp'),
	(30, 30, 'TrickFixtures.webp'),
	(31, 31, 'TrickFixtures.webp'),
	(32, 32, 'TrickFixtures.webp'),
	(33, 33, 'TrickFixtures.webp'),
	(34, 34, 'TrickFixtures.webp'),
	(35, 35, 'TrickFixtures.webp'),
	(36, 36, 'TrickFixtures.webp'),
	(37, 37, 'TrickFixtures.webp'),
	(38, 38, 'TrickFixtures.webp'),
	(39, 39, 'TrickFixtures.webp'),
	(40, 40, 'TrickFixtures.webp'),
	(41, 41, 'TrickFixtures.webp'),
	(42, 42, 'TrickFixtures.webp'),
	(43, 43, 'TrickFixtures.webp'),
	(44, 44, 'TrickFixtures.webp'),
	(45, 45, 'TrickFixtures.webp');
/*!40000 ALTER TABLE `trick_image` ENABLE KEYS */;

-- Dumping structure for table snowtricks.trick_video
CREATE TABLE IF NOT EXISTS `trick_video` (
  `id` int NOT NULL AUTO_INCREMENT,
  `trick_id` int NOT NULL,
  `url` varchar(255) COLLATE utf8mb4_unicode_ci NOT NULL,
  PRIMARY KEY (`id`),
  KEY `IDX_B7E8DA93B281BE2E` (`trick_id`),
  CONSTRAINT `FK_B7E8DA93B281BE2E` FOREIGN KEY (`trick_id`) REFERENCES `trick` (`id`)
) ENGINE=InnoDB AUTO_INCREMENT=46 DEFAULT CHARSET=utf8mb4 COLLATE=utf8mb4_unicode_ci;

-- Dumping data for table snowtricks.trick_video: ~45 rows (approximately)
DELETE FROM `trick_video`;
/*!40000 ALTER TABLE `trick_video` DISABLE KEYS */;
INSERT INTO `trick_video` (`id`, `trick_id`, `url`) VALUES
	(1, 1, 'https://www.youtube.com/embed/V9xuy-rVj9w'),
	(2, 2, 'https://www.youtube.com/embed/V9xuy-rVj9w'),
	(3, 3, 'https://www.youtube.com/embed/V9xuy-rVj9w'),
	(4, 4, 'https://www.youtube.com/embed/V9xuy-rVj9w'),
	(5, 5, 'https://www.youtube.com/embed/V9xuy-rVj9w'),
	(6, 6, 'https://www.youtube.com/embed/V9xuy-rVj9w'),
	(7, 7, 'https://www.youtube.com/embed/V9xuy-rVj9w'),
	(8, 8, 'https://www.youtube.com/embed/V9xuy-rVj9w'),
	(9, 9, 'https://www.youtube.com/embed/V9xuy-rVj9w'),
	(10, 10, 'https://www.youtube.com/embed/V9xuy-rVj9w'),
	(11, 11, 'https://www.youtube.com/embed/V9xuy-rVj9w'),
	(12, 12, 'https://www.youtube.com/embed/V9xuy-rVj9w'),
	(13, 13, 'https://www.youtube.com/embed/V9xuy-rVj9w'),
	(14, 14, 'https://www.youtube.com/embed/V9xuy-rVj9w'),
	(15, 15, 'https://www.youtube.com/embed/V9xuy-rVj9w'),
	(16, 16, 'https://www.youtube.com/embed/V9xuy-rVj9w'),
	(17, 17, 'https://www.youtube.com/embed/V9xuy-rVj9w'),
	(18, 18, 'https://www.youtube.com/embed/V9xuy-rVj9w'),
	(19, 19, 'https://www.youtube.com/embed/V9xuy-rVj9w'),
	(20, 20, 'https://www.youtube.com/embed/V9xuy-rVj9w'),
	(21, 21, 'https://www.youtube.com/embed/V9xuy-rVj9w'),
	(22, 22, 'https://www.youtube.com/embed/V9xuy-rVj9w'),
	(23, 23, 'https://www.youtube.com/embed/V9xuy-rVj9w'),
	(24, 24, 'https://www.youtube.com/embed/V9xuy-rVj9w'),
	(25, 25, 'https://www.youtube.com/embed/V9xuy-rVj9w'),
	(26, 26, 'https://www.youtube.com/embed/V9xuy-rVj9w'),
	(27, 27, 'https://www.youtube.com/embed/V9xuy-rVj9w'),
	(28, 28, 'https://www.youtube.com/embed/V9xuy-rVj9w'),
	(29, 29, 'https://www.youtube.com/embed/V9xuy-rVj9w'),
	(30, 30, 'https://www.youtube.com/embed/V9xuy-rVj9w'),
	(31, 31, 'https://www.youtube.com/embed/V9xuy-rVj9w'),
	(32, 32, 'https://www.youtube.com/embed/V9xuy-rVj9w'),
	(33, 33, 'https://www.youtube.com/embed/V9xuy-rVj9w'),
	(34, 34, 'https://www.youtube.com/embed/V9xuy-rVj9w'),
	(35, 35, 'https://www.youtube.com/embed/V9xuy-rVj9w'),
	(36, 36, 'https://www.youtube.com/embed/V9xuy-rVj9w'),
	(37, 37, 'https://www.youtube.com/embed/V9xuy-rVj9w'),
	(38, 38, 'https://www.youtube.com/embed/V9xuy-rVj9w'),
	(39, 39, 'https://www.youtube.com/embed/V9xuy-rVj9w'),
	(40, 40, 'https://www.youtube.com/embed/V9xuy-rVj9w'),
	(41, 41, 'https://www.youtube.com/embed/V9xuy-rVj9w'),
	(42, 42, 'https://www.youtube.com/embed/V9xuy-rVj9w'),
	(43, 43, 'https://www.youtube.com/embed/V9xuy-rVj9w'),
	(44, 44, 'https://www.youtube.com/embed/V9xuy-rVj9w'),
	(45, 45, 'https://www.youtube.com/embed/V9xuy-rVj9w');
/*!40000 ALTER TABLE `trick_video` ENABLE KEYS */;

-- Dumping structure for table snowtricks.user
CREATE TABLE IF NOT EXISTS `user` (
  `id` int NOT NULL AUTO_INCREMENT,
  `username` varchar(180) COLLATE utf8mb4_unicode_ci NOT NULL,
  `roles` json NOT NULL,
  `password` varchar(255) COLLATE utf8mb4_unicode_ci NOT NULL,
  `email` varchar(255) COLLATE utf8mb4_unicode_ci NOT NULL,
  `profile_picture` varchar(255) COLLATE utf8mb4_unicode_ci NOT NULL DEFAULT 'default.webp',
  `is_verified` tinyint(1) NOT NULL,
  `reset_token` varchar(100) COLLATE utf8mb4_unicode_ci DEFAULT NULL,
  `created_at` datetime NOT NULL DEFAULT CURRENT_TIMESTAMP COMMENT '(DC2Type:datetime_immutable)',
  PRIMARY KEY (`id`),
  UNIQUE KEY `UNIQ_8D93D649F85E0677` (`username`),
  UNIQUE KEY `UNIQ_8D93D649E7927C74` (`email`)
) ENGINE=InnoDB AUTO_INCREMENT=12 DEFAULT CHARSET=utf8mb4 COLLATE=utf8mb4_unicode_ci;

-- Dumping data for table snowtricks.user: ~11 rows (approximately)
DELETE FROM `user`;
/*!40000 ALTER TABLE `user` DISABLE KEYS */;
INSERT INTO `user` (`id`, `username`, `roles`, `password`, `email`, `profile_picture`, `is_verified`, `reset_token`, `created_at`) VALUES
	(1, 'admin', '["ROLE_ADMIN"]', '$2y$13$XupVakKUGxKr4K66sl/udukyIiNeEafshTXx3eWCi2GAQrE3jIQJ.', 'admin@email.com', 'default.webp', 1, NULL, '2023-03-22 02:56:36'),
	(2, 'franck42', '[]', '$2y$13$roWVVAFhtFWSFUFOFrYl2eA/7NYJSpqXQKyNkwkelmH8rYLcZsCVm', 'agimenez@adam.com', 'default.webp', 1, NULL, '2023-03-22 02:56:36'),
	(3, 'suzanne64', '[]', '$2y$13$BVkLqV8bxsCdZnyIwm4veeI5WdXny/AmJVi3efK3WxlGvpZlrQJc6', 'lucas42@adam.org', 'default.webp', 1, NULL, '2023-03-22 02:56:37'),
	(4, 'wferrand', '[]', '$2y$13$JktBQ9wuIEsTcsxwKMqhWejsMtTuuTYrAlKkmO22iOkhO8jKcUUUe', 'dcouturier@peron.com', 'default.webp', 1, NULL, '2023-03-22 02:56:37'),
	(5, 'antoine.pereira', '[]', '$2y$13$UEfX0EnKaMiUlNpHzPm0sOAwqswAK.7mmqMyI0.M5YIbF5lD18ywS', 'maggie.pierre@regnier.fr', 'default.webp', 1, NULL, '2023-03-22 02:56:38'),
	(6, 'aubert.veronique', '[]', '$2y$13$uc3PeSmmgaAdHhvSi7ghxeVHkwpJNl0S5ejKy/GgS1oSzZxUrMv62', 'laurence.guillaume@ollivier.fr', 'default.webp', 1, NULL, '2023-03-22 02:56:38'),
	(7, 'delattre.genevieve', '[]', '$2y$13$1YQ9hMvZZWnEENP/PN.vIORW6Zz85HXD/NJuRV/UsdkORbJ2cDsO.', 'francoise96@parent.fr', 'default.webp', 1, NULL, '2023-03-22 02:56:39'),
	(8, 'opons', '[]', '$2y$13$wpXlBmwUcQu0rWWpuwI9TuazivmnpFk3jV5r/ID4hjU695bgTlxEm', 'julien62@noos.fr', 'default.webp', 1, NULL, '2023-03-22 02:56:39'),
	(9, 'francoise.vallee', '[]', '$2y$13$kIv5lXdAkSZHmaum.uR21uW8Wp759FYskLIWoBDt22qvKLxO7ybfa', 'honore85@faure.com', 'default.webp', 1, NULL, '2023-03-22 02:56:40'),
	(10, 'agnes.leroux', '[]', '$2y$13$TLaNF/OF/okXmcddzUmk.u1VnfdLaNKZjUDbnhIOUq5X/mOLkZVaO', 'gomes.vincent@orange.fr', 'default.webp', 1, NULL, '2023-03-22 02:56:40'),
	(11, 'henri92', '[]', '$2y$13$h/dLlfsZFa09EnufhnIgG.XgzMOzqvXTAemhsBlzRmlSH04NhgweG', 'wchretien@dupuis.fr', 'default.webp', 1, NULL, '2023-03-22 02:56:41');
/*!40000 ALTER TABLE `user` ENABLE KEYS */;

/*!40101 SET SQL_MODE=IFNULL(@OLD_SQL_MODE, '') */;
/*!40014 SET FOREIGN_KEY_CHECKS=IFNULL(@OLD_FOREIGN_KEY_CHECKS, 1) */;
/*!40101 SET CHARACTER_SET_CLIENT=@OLD_CHARACTER_SET_CLIENT */;
/*!40111 SET SQL_NOTES=IFNULL(@OLD_SQL_NOTES, 1) */;
