-- --------------------------------------------------------
-- Host:                         127.0.0.1
-- Server version:               8.0.31 - MySQL Community Server - GPL
-- Server OS:                    Win64
-- HeidiSQL Version:             11.3.0.6295
-- --------------------------------------------------------

/*!40101 SET @OLD_CHARACTER_SET_CLIENT=@@CHARACTER_SET_CLIENT */;
/*!40101 SET NAMES utf8 */;
/*!50503 SET NAMES utf8mb4 */;
/*!40014 SET @OLD_FOREIGN_KEY_CHECKS=@@FOREIGN_KEY_CHECKS, FOREIGN_KEY_CHECKS=0 */;
/*!40101 SET @OLD_SQL_MODE=@@SQL_MODE, SQL_MODE='NO_AUTO_VALUE_ON_ZERO' */;
/*!40111 SET @OLD_SQL_NOTES=@@SQL_NOTES, SQL_NOTES=0 */;


-- Dumping database structure for snowtricks
CREATE DATABASE IF NOT EXISTS `snowtricks` /*!40100 DEFAULT CHARACTER SET utf8mb4 COLLATE utf8mb4_0900_ai_ci */ /*!80016 DEFAULT ENCRYPTION='N' */;
USE `snowtricks`;

-- Dumping structure for table snowtricks.comment
CREATE TABLE IF NOT EXISTS `comment` (
  `id` int NOT NULL AUTO_INCREMENT,
  `author_id` int DEFAULT NULL,
  `trick_id` int NOT NULL,
  `content` varchar(255) COLLATE utf8mb4_unicode_ci NOT NULL,
  `created_at` datetime NOT NULL DEFAULT CURRENT_TIMESTAMP COMMENT '(DC2Type:datetime_immutable)',
  PRIMARY KEY (`id`),
  KEY `IDX_9474526CF675F31B` (`author_id`),
  KEY `IDX_9474526CB281BE2E` (`trick_id`),
  CONSTRAINT `FK_9474526CB281BE2E` FOREIGN KEY (`trick_id`) REFERENCES `trick` (`id`),
  CONSTRAINT `FK_9474526CF675F31B` FOREIGN KEY (`author_id`) REFERENCES `user` (`id`)
) ENGINE=InnoDB AUTO_INCREMENT=22010 DEFAULT CHARSET=utf8mb4 COLLATE=utf8mb4_unicode_ci;

-- Dumping data for table snowtricks.comment: ~1,005 rows (approximately)
DELETE FROM `comment`;
/*!40000 ALTER TABLE `comment` DISABLE KEYS */;
INSERT INTO `comment` (`id`, `author_id`, `trick_id`, `content`, `created_at`) VALUES
	(21010, 290, 1137, 'Ducimus possimus ducimus reprehenderit fugit.', '2023-03-22 01:43:50'),
	(21011, 295, 1147, 'Sed ad porro unde porro.', '2023-03-22 01:43:50'),
	(21012, 292, 1135, 'Sit ad corrupti minus et soluta sit est.', '2023-03-22 01:43:50'),
	(21013, 297, 1132, 'Aperiam quam consequatur fugit eligendi minus.', '2023-03-22 01:43:50'),
	(21014, 288, 1105, 'Quia quo quia fuga ut. Omnis ut quod voluptatum.', '2023-03-22 01:43:50'),
	(21015, 288, 1143, 'Eius repudiandae aut ut voluptates aspernatur.', '2023-03-22 01:43:50'),
	(21016, 291, 1111, 'Quo neque dolorum ut non.', '2023-03-22 01:43:50'),
	(21017, 295, 1134, 'Accusamus quo occaecati est praesentium.', '2023-03-22 01:43:50'),
	(21018, 294, 1133, 'Dignissimos veritatis in quia sit dolorum.', '2023-03-22 01:43:50'),
	(21019, 290, 1132, 'Enim sit earum facilis.', '2023-03-22 01:43:50'),
	(21020, 290, 1111, 'Illum voluptatibus aspernatur et.', '2023-03-22 01:43:50'),
	(21021, 297, 1115, 'Perferendis maxime illo in ut amet quis.', '2023-03-22 01:43:50'),
	(21022, 289, 1118, 'Debitis vel quasi quia consequatur.', '2023-03-22 01:43:50'),
	(21023, 288, 1114, 'Minus ducimus possimus id sequi.', '2023-03-22 01:43:50'),
	(21024, 289, 1139, 'Aut ut aut rerum. Veniam ipsa ducimus a quo qui.', '2023-03-22 01:43:50'),
	(21025, 294, 1145, 'Reiciendis et tempora dolores rerum.', '2023-03-22 01:43:50'),
	(21026, 296, 1140, 'Alias nemo reiciendis dolor reiciendis aperiam.', '2023-03-22 01:43:50'),
	(21027, 289, 1114, 'Officiis facilis molestiae est illo est quia.', '2023-03-22 01:43:50'),
	(21028, 292, 1130, 'Ab quam et id alias.', '2023-03-22 01:43:50'),
	(21029, 291, 1132, 'Sit et velit voluptatem quo eum nam.', '2023-03-22 01:43:50'),
	(21030, 290, 1120, 'Asperiores aut ipsa molestiae architecto ut.', '2023-03-22 01:43:50'),
	(21031, 292, 1106, 'Ut sit error vel excepturi atque autem est.', '2023-03-22 01:43:50'),
	(21032, 294, 1115, 'In doloribus atque eum saepe.', '2023-03-22 01:43:50'),
	(21033, 293, 1148, 'Et autem temporibus aut minima sed minus omnis.', '2023-03-22 01:43:50'),
	(21034, 289, 1109, 'Sint asperiores ad qui corrupti.', '2023-03-22 01:43:50'),
	(21035, 297, 1124, 'Delectus eum eligendi possimus.', '2023-03-22 01:43:50'),
	(21036, 291, 1125, 'Dolor aut alias distinctio sit.', '2023-03-22 01:43:50'),
	(21037, 292, 1145, 'Ea at animi mollitia quia.', '2023-03-22 01:43:50'),
	(21038, 293, 1142, 'Reiciendis eligendi nihil dolor.', '2023-03-22 01:43:50'),
	(21039, 288, 1131, 'Nihil aut ut fugit aspernatur aut.', '2023-03-22 01:43:50'),
	(21040, 294, 1113, 'Velit non eum possimus molestiae.', '2023-03-22 01:43:50'),
	(21041, 296, 1134, 'Accusantium rem placeat quasi dolor.', '2023-03-22 01:43:50'),
	(21042, 288, 1149, 'Inventore aut incidunt id magni.', '2023-03-22 01:43:50'),
	(21043, 295, 1125, 'Qui architecto facilis temporibus consequatur.', '2023-03-22 01:43:50'),
	(21044, 295, 1107, 'Non optio explicabo animi impedit.', '2023-03-22 01:43:50'),
	(21045, 291, 1124, 'Aut temporibus nobis vero quia nisi.', '2023-03-22 01:43:50'),
	(21046, 289, 1129, 'Dolores repellendus atque suscipit.', '2023-03-22 01:43:50'),
	(21047, 291, 1105, 'Culpa qui libero magnam.', '2023-03-22 01:43:50'),
	(21048, 294, 1140, 'Velit aut aut autem et aliquam tempora.', '2023-03-22 01:43:50'),
	(21049, 297, 1144, 'Vel temporibus at officia ut.', '2023-03-22 01:43:50'),
	(21050, 293, 1107, 'Pariatur molestiae velit et dolorem.', '2023-03-22 01:43:50'),
	(21051, 289, 1131, 'Debitis itaque quisquam rerum impedit ut ducimus.', '2023-03-22 01:43:50'),
	(21052, 290, 1116, 'Tempora dolorem eum atque nobis.', '2023-03-22 01:43:50'),
	(21053, 294, 1111, 'Aut praesentium quas vel.', '2023-03-22 01:43:50'),
	(21054, 297, 1119, 'Eos est inventore dolorum dolores.', '2023-03-22 01:43:50'),
	(21055, 296, 1148, 'Facilis maiores maxime qui.', '2023-03-22 01:43:50'),
	(21056, 297, 1105, 'Ad voluptas eum deserunt id.', '2023-03-22 01:43:50'),
	(21057, 289, 1118, 'Aut corrupti facere autem.', '2023-03-22 01:43:50'),
	(21058, 294, 1105, 'Ab eligendi ea nihil quia et mollitia.', '2023-03-22 01:43:50'),
	(21059, 288, 1132, 'Et recusandae non inventore omnis consequuntur.', '2023-03-22 01:43:50'),
	(21060, 291, 1127, 'Necessitatibus laborum blanditiis iusto error.', '2023-03-22 01:43:50'),
	(21061, 294, 1105, 'Occaecati libero quia quo aut vel dignissimos et.', '2023-03-22 01:43:50'),
	(21062, 294, 1146, 'Non voluptas dolorem cumque minus.', '2023-03-22 01:43:50'),
	(21063, 296, 1107, 'Odit eligendi repellat nam dolores libero.', '2023-03-22 01:43:50'),
	(21064, 288, 1136, 'Provident veritatis sequi sit nam rerum vero.', '2023-03-22 01:43:50'),
	(21065, 297, 1117, 'Cumque omnis recusandae nesciunt explicabo ut.', '2023-03-22 01:43:50'),
	(21066, 295, 1131, 'Vitae at nihil assumenda nobis.', '2023-03-22 01:43:50'),
	(21067, 293, 1133, 'Sed placeat ad voluptas ipsam id ea quo quisquam.', '2023-03-22 01:43:50'),
	(21068, 297, 1147, 'Tempora quo eum quidem aliquid.', '2023-03-22 01:43:50'),
	(21069, 289, 1106, 'Quos et adipisci qui illo.', '2023-03-22 01:43:50'),
	(21070, 294, 1117, 'Eum illo in maiores porro et aliquam iusto.', '2023-03-22 01:43:50'),
	(21071, 291, 1109, 'Quam et sequi dolorem nihil est.', '2023-03-22 01:43:50'),
	(21072, 292, 1110, 'Sit qui maiores temporibus.', '2023-03-22 01:43:50'),
	(21073, 289, 1121, 'Molestiae aperiam facere ut distinctio dolor.', '2023-03-22 01:43:50'),
	(21074, 296, 1119, 'Eius et dolorem sint mollitia.', '2023-03-22 01:43:50'),
	(21075, 289, 1105, 'Esse nihil ipsa molestias.', '2023-03-22 01:43:50'),
	(21076, 291, 1132, 'Perferendis sapiente omnis rerum vel.', '2023-03-22 01:43:50'),
	(21077, 289, 1105, 'Perferendis eos qui totam et autem.', '2023-03-22 01:43:50'),
	(21078, 290, 1111, 'Accusantium vero id itaque rerum.', '2023-03-22 01:43:50'),
	(21079, 292, 1113, 'Possimus ipsum dolorum et vitae.', '2023-03-22 01:43:50'),
	(21080, 290, 1146, 'Non assumenda eaque aut aut praesentium enim.', '2023-03-22 01:43:50'),
	(21081, 297, 1143, 'Quam tempore libero sint dolorem suscipit quas.', '2023-03-22 01:43:50'),
	(21082, 293, 1131, 'Ea unde magnam quisquam enim ut.', '2023-03-22 01:43:50'),
	(21083, 290, 1136, 'Dolorem delectus illo aut voluptatibus.', '2023-03-22 01:43:50'),
	(21084, 297, 1134, 'Sunt doloribus eos est nostrum.', '2023-03-22 01:43:50'),
	(21085, 295, 1147, 'Iusto voluptatem molestiae facere.', '2023-03-22 01:43:50'),
	(21086, 290, 1115, 'Commodi dolor alias necessitatibus natus aut.', '2023-03-22 01:43:50'),
	(21087, 295, 1148, 'Est optio excepturi voluptates ab molestias.', '2023-03-22 01:43:50'),
	(21088, 294, 1126, 'Sed non minima animi quo.', '2023-03-22 01:43:50'),
	(21089, 290, 1147, 'Officiis velit voluptatum qui reprehenderit in.', '2023-03-22 01:43:50'),
	(21090, 297, 1127, 'Ut et error omnis quidem a.', '2023-03-22 01:43:50'),
	(21091, 292, 1144, 'Ea voluptas aut vero enim et numquam minima.', '2023-03-22 01:43:50'),
	(21092, 297, 1138, 'Iste a aut asperiores quibusdam officiis.', '2023-03-22 01:43:50'),
	(21093, 290, 1126, 'Nemo ex dolor ex eum.', '2023-03-22 01:43:50'),
	(21094, 293, 1111, 'Vitae et vitae culpa ipsum autem.', '2023-03-22 01:43:50'),
	(21095, 297, 1133, 'Est quo repellendus quo.', '2023-03-22 01:43:50'),
	(21096, 289, 1140, 'Sint provident ea corporis placeat debitis in.', '2023-03-22 01:43:50'),
	(21097, 293, 1131, 'Sapiente suscipit sint sint est.', '2023-03-22 01:43:50'),
	(21098, 293, 1125, 'Omnis dolor a dolor iste.', '2023-03-22 01:43:50'),
	(21099, 290, 1125, 'Ut nihil in dicta in.', '2023-03-22 01:43:50'),
	(21100, 291, 1134, 'Vitae laudantium dolorem totam eos.', '2023-03-22 01:43:50'),
	(21101, 291, 1112, 'Cum ex animi qui est.', '2023-03-22 01:43:50'),
	(21102, 293, 1140, 'Architecto maxime eligendi sed fuga.', '2023-03-22 01:43:50'),
	(21103, 290, 1110, 'Omnis inventore aperiam quae.', '2023-03-22 01:43:50'),
	(21104, 293, 1131, 'Quis voluptatum dolor distinctio.', '2023-03-22 01:43:50'),
	(21105, 296, 1109, 'Maiores iure eos dolores vero et.', '2023-03-22 01:43:50'),
	(21106, 291, 1106, 'Et suscipit id et consequatur.', '2023-03-22 01:43:50'),
	(21107, 295, 1108, 'Perferendis voluptas ad ad iusto ut.', '2023-03-22 01:43:50'),
	(21108, 288, 1132, 'Fuga omnis ut ut sunt.', '2023-03-22 01:43:50'),
	(21109, 289, 1118, 'Magni fugit et nihil suscipit deleniti.', '2023-03-22 01:43:50'),
	(21110, 295, 1122, 'Molestiae ullam pariatur aspernatur.', '2023-03-22 01:43:50'),
	(21111, 293, 1146, 'Est quasi perferendis voluptas ab exercitationem.', '2023-03-22 01:43:50'),
	(21112, 297, 1137, 'Impedit quia illum amet voluptas exercitationem.', '2023-03-22 01:43:50'),
	(21113, 294, 1147, 'Exercitationem hic totam numquam sint.', '2023-03-22 01:43:50'),
	(21114, 288, 1130, 'Ea et voluptatibus earum illum voluptatem.', '2023-03-22 01:43:50'),
	(21115, 293, 1147, 'Voluptatem rem ut quasi aperiam quam et quo.', '2023-03-22 01:43:50'),
	(21116, 291, 1122, 'Nisi rerum ut dicta.', '2023-03-22 01:43:50'),
	(21117, 295, 1142, 'Voluptates quas sapiente sapiente.', '2023-03-22 01:43:50'),
	(21118, 295, 1145, 'Est rem quasi illum quod veniam.', '2023-03-22 01:43:50'),
	(21119, 291, 1121, 'Vitae possimus autem incidunt velit.', '2023-03-22 01:43:50'),
	(21120, 294, 1112, 'Ut eius pariatur et eos sunt.', '2023-03-22 01:43:50'),
	(21121, 290, 1106, 'Doloribus nemo assumenda enim nihil ex.', '2023-03-22 01:43:50'),
	(21122, 293, 1136, 'Vero non vel qui aliquam ab.', '2023-03-22 01:43:50'),
	(21123, 294, 1110, 'Natus nihil nulla ex ratione maxime omnis.', '2023-03-22 01:43:50'),
	(21124, 288, 1135, 'Velit non laborum est.', '2023-03-22 01:43:50'),
	(21125, 293, 1117, 'Cumque explicabo alias ipsam eaque.', '2023-03-22 01:43:50'),
	(21126, 295, 1116, 'Excepturi non id enim dolores sapiente.', '2023-03-22 01:43:50'),
	(21127, 290, 1149, 'Magnam sunt voluptas deleniti ut nemo nostrum.', '2023-03-22 01:43:50'),
	(21128, 289, 1133, 'Corporis laboriosam iure nobis voluptatem quia.', '2023-03-22 01:43:50'),
	(21129, 288, 1110, 'In rem debitis quo voluptates.', '2023-03-22 01:43:50'),
	(21130, 288, 1131, 'Quos quia dolor sed modi neque vero debitis.', '2023-03-22 01:43:50'),
	(21131, 295, 1143, 'Id deleniti occaecati quia nulla.', '2023-03-22 01:43:50'),
	(21132, 289, 1105, 'Soluta sed quae at aliquam.', '2023-03-22 01:43:50'),
	(21133, 294, 1140, 'Quis sed quia eius illo labore suscipit.', '2023-03-22 01:43:50'),
	(21134, 289, 1146, 'Quam modi consequuntur sit.', '2023-03-22 01:43:50'),
	(21135, 292, 1135, 'Ut ut voluptatem deleniti molestiae esse est at.', '2023-03-22 01:43:50'),
	(21136, 288, 1134, 'Earum laboriosam quod quas et et exercitationem.', '2023-03-22 01:43:50'),
	(21137, 294, 1125, 'Facere adipisci facere eum eveniet.', '2023-03-22 01:43:50'),
	(21138, 291, 1109, 'Tempora rerum rerum quis non commodi.', '2023-03-22 01:43:50'),
	(21139, 291, 1115, 'Eius non et sed nihil sit error.', '2023-03-22 01:43:50'),
	(21140, 294, 1139, 'Maxime tempora iure et maxime voluptatem earum.', '2023-03-22 01:43:50'),
	(21141, 292, 1107, 'Aut quasi provident nihil neque.', '2023-03-22 01:43:50'),
	(21142, 293, 1118, 'Id quam in sit eos quis.', '2023-03-22 01:43:50'),
	(21143, 294, 1112, 'Officia voluptas quasi quod vel odit.', '2023-03-22 01:43:50'),
	(21144, 292, 1140, 'Ut sint et possimus sapiente illo laboriosam.', '2023-03-22 01:43:50'),
	(21145, 290, 1135, 'Quas voluptas a ipsum.', '2023-03-22 01:43:50'),
	(21146, 296, 1106, 'Sit sed similique voluptatibus error natus.', '2023-03-22 01:43:50'),
	(21147, 291, 1135, 'Tenetur ullam iusto vel possimus ut.', '2023-03-22 01:43:50'),
	(21148, 295, 1111, 'Incidunt laudantium eligendi ipsa officiis.', '2023-03-22 01:43:50'),
	(21149, 295, 1140, 'Voluptas quidem voluptatem fugit voluptate.', '2023-03-22 01:43:50'),
	(21150, 294, 1144, 'Dignissimos nemo aut mollitia non.', '2023-03-22 01:43:50'),
	(21151, 288, 1131, 'Voluptatum et neque est ipsam vel est.', '2023-03-22 01:43:50'),
	(21152, 291, 1106, 'Quod numquam deleniti voluptatem repudiandae.', '2023-03-22 01:43:50'),
	(21153, 289, 1145, 'Velit hic labore qui architecto id rerum.', '2023-03-22 01:43:50'),
	(21154, 293, 1127, 'Sit sint aliquid numquam aperiam vel iusto.', '2023-03-22 01:43:50'),
	(21155, 289, 1131, 'Rerum ut aut aut praesentium sed.', '2023-03-22 01:43:50'),
	(21156, 297, 1106, 'Tempora animi dolores rem cum.', '2023-03-22 01:43:50'),
	(21157, 289, 1146, 'Voluptatum id sunt aliquid et aperiam sequi et.', '2023-03-22 01:43:50'),
	(21158, 289, 1135, 'Labore dolorem optio libero.', '2023-03-22 01:43:50'),
	(21159, 297, 1133, 'Numquam ducimus dolor repudiandae omnis.', '2023-03-22 01:43:50'),
	(21160, 290, 1149, 'Eaque explicabo minus sapiente.', '2023-03-22 01:43:50'),
	(21161, 288, 1109, 'Vel porro voluptatibus aut.', '2023-03-22 01:43:50'),
	(21162, 293, 1107, 'Rerum consequuntur dolores eum.', '2023-03-22 01:43:50'),
	(21163, 289, 1125, 'Sapiente in commodi sed dolore eum sit magni.', '2023-03-22 01:43:50'),
	(21164, 291, 1149, 'Assumenda voluptate sint omnis nam asperiores.', '2023-03-22 01:43:50'),
	(21165, 290, 1148, 'Nemo placeat ut qui quia.', '2023-03-22 01:43:50'),
	(21166, 296, 1147, 'Id expedita eius quo nobis dolor atque in.', '2023-03-22 01:43:50'),
	(21167, 293, 1140, 'Quibusdam ad deleniti saepe fuga.', '2023-03-22 01:43:50'),
	(21168, 294, 1116, 'Libero modi incidunt eum.', '2023-03-22 01:43:50'),
	(21169, 290, 1145, 'Ex dolores reprehenderit excepturi.', '2023-03-22 01:43:50'),
	(21170, 293, 1140, 'Vitae esse dolorem amet odio.', '2023-03-22 01:43:50'),
	(21171, 295, 1107, 'Explicabo qui et omnis porro et.', '2023-03-22 01:43:50'),
	(21172, 294, 1110, 'Unde facere iste consectetur unde.', '2023-03-22 01:43:50'),
	(21173, 291, 1133, 'Sed dolorem fuga reprehenderit blanditiis et.', '2023-03-22 01:43:50'),
	(21174, 289, 1114, 'Quas fuga culpa et quae cum provident aut id.', '2023-03-22 01:43:50'),
	(21175, 291, 1133, 'Natus natus modi facilis voluptatem autem est ut.', '2023-03-22 01:43:50'),
	(21176, 289, 1115, 'Maxime consequatur ut ipsa.', '2023-03-22 01:43:50'),
	(21177, 290, 1142, 'Excepturi sint quia magnam excepturi consequatur.', '2023-03-22 01:43:50'),
	(21178, 296, 1119, 'Atque exercitationem et ut corrupti.', '2023-03-22 01:43:50'),
	(21179, 294, 1136, 'Enim ullam velit qui assumenda.', '2023-03-22 01:43:50'),
	(21180, 293, 1111, 'Omnis vitae officiis aut ad nisi neque saepe.', '2023-03-22 01:43:50'),
	(21181, 293, 1125, 'Molestiae voluptas earum neque.', '2023-03-22 01:43:50'),
	(21182, 288, 1143, 'Commodi libero omnis aut error.', '2023-03-22 01:43:50'),
	(21183, 295, 1139, 'Eos laborum qui architecto hic qui.', '2023-03-22 01:43:50'),
	(21184, 288, 1115, 'Iusto eos est ut rerum veniam pariatur et.', '2023-03-22 01:43:50'),
	(21185, 295, 1120, 'Consequatur quis et magni et alias aut.', '2023-03-22 01:43:50'),
	(21186, 294, 1129, 'Hic mollitia quas eaque et.', '2023-03-22 01:43:50'),
	(21187, 295, 1149, 'Praesentium porro sed labore minus ex.', '2023-03-22 01:43:50'),
	(21188, 288, 1135, 'Quas cupiditate numquam velit aperiam.', '2023-03-22 01:43:50'),
	(21189, 291, 1120, 'Aliquid veritatis cupiditate molestiae iure ut.', '2023-03-22 01:43:50'),
	(21190, 296, 1111, 'Qui sequi explicabo numquam neque.', '2023-03-22 01:43:50'),
	(21191, 295, 1143, 'Quisquam dolorum molestiae sunt.', '2023-03-22 01:43:50'),
	(21192, 294, 1120, 'Quisquam ut quod animi voluptas.', '2023-03-22 01:43:50'),
	(21193, 294, 1105, 'Deserunt eligendi et praesentium.', '2023-03-22 01:43:50'),
	(21194, 290, 1110, 'Reprehenderit voluptatem ut nihil est.', '2023-03-22 01:43:50'),
	(21195, 294, 1130, 'Quae temporibus accusantium quis nostrum.', '2023-03-22 01:43:50'),
	(21196, 289, 1130, 'Sunt blanditiis et ipsum quasi dolorum velit.', '2023-03-22 01:43:50'),
	(21197, 291, 1136, 'Ut cupiditate veniam possimus dicta.', '2023-03-22 01:43:50'),
	(21198, 295, 1122, 'At aut consectetur earum.', '2023-03-22 01:43:50'),
	(21199, 293, 1120, 'Impedit enim molestias eos ea.', '2023-03-22 01:43:50'),
	(21200, 289, 1142, 'Ut vero omnis cupiditate sed enim.', '2023-03-22 01:43:50'),
	(21201, 293, 1111, 'Nemo repudiandae enim nulla ea ut velit.', '2023-03-22 01:43:50'),
	(21202, 290, 1146, 'Qui molestiae rerum qui quidem.', '2023-03-22 01:43:50'),
	(21203, 297, 1149, 'Et magnam impedit officiis.', '2023-03-22 01:43:50'),
	(21204, 297, 1131, 'Cupiditate quos eaque ut eaque quis ea.', '2023-03-22 01:43:50'),
	(21205, 295, 1144, 'Consequatur eligendi tempore ut assumenda.', '2023-03-22 01:43:50'),
	(21206, 293, 1119, 'Repellat enim maiores sint atque.', '2023-03-22 01:43:50'),
	(21207, 294, 1147, 'Ea fugiat quibusdam sint repellat.', '2023-03-22 01:43:50'),
	(21208, 295, 1116, 'Dolore excepturi sed voluptatum.', '2023-03-22 01:43:50'),
	(21209, 289, 1122, 'Qui et qui placeat nostrum facilis culpa.', '2023-03-22 01:43:50'),
	(21210, 293, 1114, 'Eligendi ullam unde aliquid iste aut.', '2023-03-22 01:43:50'),
	(21211, 292, 1145, 'Dolore ab aperiam nisi quia minus et.', '2023-03-22 01:43:50'),
	(21212, 289, 1128, 'Non repudiandae illum sunt amet consequatur.', '2023-03-22 01:43:50'),
	(21213, 293, 1118, 'Qui corrupti unde ab ut.', '2023-03-22 01:43:50'),
	(21214, 290, 1107, 'Vitae eum consequatur qui.', '2023-03-22 01:43:50'),
	(21215, 288, 1116, 'Beatae nihil quis dolores corporis.', '2023-03-22 01:43:50'),
	(21216, 288, 1129, 'Error qui eaque ullam facere.', '2023-03-22 01:43:50'),
	(21217, 291, 1134, 'Sint exercitationem sed atque excepturi.', '2023-03-22 01:43:50'),
	(21218, 295, 1107, 'Enim eos perspiciatis numquam maxime.', '2023-03-22 01:43:50'),
	(21219, 290, 1145, 'Et dolor laborum totam sunt sit quod.', '2023-03-22 01:43:50'),
	(21220, 288, 1148, 'Et et exercitationem harum fugiat rerum.', '2023-03-22 01:43:50'),
	(21221, 294, 1121, 'Eius culpa omnis possimus sunt quas cumque.', '2023-03-22 01:43:50'),
	(21222, 294, 1117, 'Unde magni rem in nihil.', '2023-03-22 01:43:50'),
	(21223, 295, 1125, 'Est ullam eum et doloremque est nihil aut.', '2023-03-22 01:43:50'),
	(21224, 295, 1126, 'Aperiam consectetur ut quos dolor sunt.', '2023-03-22 01:43:50'),
	(21225, 290, 1130, 'Tenetur molestias est distinctio dolorem.', '2023-03-22 01:43:50'),
	(21226, 295, 1130, 'Harum error enim debitis dolorem ut vel expedita.', '2023-03-22 01:43:50'),
	(21227, 290, 1143, 'Sint corporis aut enim quam.', '2023-03-22 01:43:50'),
	(21228, 288, 1148, 'Id numquam ut qui dolorum minima error.', '2023-03-22 01:43:50'),
	(21229, 290, 1134, 'Error sint eos vel nisi nihil sit veritatis.', '2023-03-22 01:43:50'),
	(21230, 296, 1107, 'Minima a sequi eos dolor.', '2023-03-22 01:43:50'),
	(21231, 293, 1132, 'Id aut aperiam amet porro accusamus.', '2023-03-22 01:43:50'),
	(21232, 288, 1128, 'Vel et rerum pariatur facilis facilis distinctio.', '2023-03-22 01:43:50'),
	(21233, 293, 1129, 'Similique autem illum ad enim.', '2023-03-22 01:43:50'),
	(21234, 294, 1114, 'Sunt quam quas nihil voluptatem quidem.', '2023-03-22 01:43:50'),
	(21235, 292, 1137, 'Officiis et vitae ut.', '2023-03-22 01:43:50'),
	(21236, 288, 1145, 'Aut laborum totam voluptates quam odit unde quia.', '2023-03-22 01:43:50'),
	(21237, 289, 1125, 'Et iusto cupiditate et velit nobis sequi.', '2023-03-22 01:43:50'),
	(21238, 288, 1144, 'Tenetur in velit quasi fugiat omnis.', '2023-03-22 01:43:50'),
	(21239, 295, 1146, 'Enim vero omnis quibusdam quo dignissimos.', '2023-03-22 01:43:50'),
	(21240, 295, 1106, 'Mollitia veniam cum ipsam esse distinctio.', '2023-03-22 01:43:50'),
	(21241, 296, 1129, 'Delectus dolorem officia dolorem sed.', '2023-03-22 01:43:50'),
	(21242, 290, 1124, 'Non aut non iure dolor.', '2023-03-22 01:43:50'),
	(21243, 288, 1134, 'Dolorem harum asperiores hic voluptatum.', '2023-03-22 01:43:50'),
	(21244, 293, 1149, 'Est expedita molestiae magnam.', '2023-03-22 01:43:50'),
	(21245, 290, 1136, 'Ut excepturi ipsam quis incidunt molestiae.', '2023-03-22 01:43:50'),
	(21246, 292, 1119, 'Provident ut itaque non nulla et.', '2023-03-22 01:43:50'),
	(21247, 288, 1140, 'Qui sit et dolore asperiores nisi quasi vel.', '2023-03-22 01:43:50'),
	(21248, 294, 1124, 'Error esse dolores ratione.', '2023-03-22 01:43:50'),
	(21249, 295, 1106, 'Consequatur totam ea voluptates quas recusandae.', '2023-03-22 01:43:50'),
	(21250, 297, 1144, 'Nemo accusantium mollitia illum.', '2023-03-22 01:43:50'),
	(21251, 288, 1116, 'Quis animi in delectus explicabo.', '2023-03-22 01:43:50'),
	(21252, 296, 1119, 'Voluptate libero consequatur et cupiditate rerum.', '2023-03-22 01:43:50'),
	(21253, 297, 1138, 'Libero dolor in sint eaque molestiae.', '2023-03-22 01:43:50'),
	(21254, 293, 1122, 'Quia fugit omnis suscipit architecto aut.', '2023-03-22 01:43:50'),
	(21255, 290, 1127, 'Nostrum sit molestias non rerum et nobis.', '2023-03-22 01:43:50'),
	(21256, 293, 1126, 'Sit quia sit aut ut.', '2023-03-22 01:43:50'),
	(21257, 293, 1127, 'Quod officia voluptatem dolores repellendus.', '2023-03-22 01:43:50'),
	(21258, 294, 1138, 'Nisi omnis et dolores incidunt tempora quisquam.', '2023-03-22 01:43:50'),
	(21259, 289, 1127, 'Porro rerum fugit aut quis cum.', '2023-03-22 01:43:50'),
	(21260, 293, 1134, 'Nam nulla laboriosam eligendi saepe.', '2023-03-22 01:43:50'),
	(21261, 295, 1127, 'Ut quia officia animi aut similique quia.', '2023-03-22 01:43:50'),
	(21262, 290, 1110, 'Nisi optio earum iure repellendus consequuntur.', '2023-03-22 01:43:50'),
	(21263, 292, 1128, 'Laudantium itaque rerum excepturi voluptas.', '2023-03-22 01:43:50'),
	(21264, 290, 1111, 'Aut officia voluptate tenetur cumque.', '2023-03-22 01:43:50'),
	(21265, 296, 1142, 'Autem soluta laborum ut commodi.', '2023-03-22 01:43:50'),
	(21266, 296, 1118, 'Ipsa non iusto rem aut ullam.', '2023-03-22 01:43:50'),
	(21267, 291, 1109, 'Est quis ipsum et sed.', '2023-03-22 01:43:50'),
	(21268, 288, 1124, 'Praesentium vitae id incidunt aut aliquid cumque.', '2023-03-22 01:43:50'),
	(21269, 290, 1118, 'Maiores ducimus libero aspernatur debitis unde.', '2023-03-22 01:43:50'),
	(21270, 292, 1109, 'Optio autem quasi porro excepturi accusantium.', '2023-03-22 01:43:50'),
	(21271, 288, 1113, 'Sit necessitatibus perspiciatis minima ex.', '2023-03-22 01:43:50'),
	(21272, 291, 1109, 'Recusandae et et debitis voluptatem ut.', '2023-03-22 01:43:50'),
	(21273, 288, 1108, 'Cupiditate expedita nemo amet.', '2023-03-22 01:43:50'),
	(21274, 293, 1114, 'Voluptatum hic fugit id fugit temporibus ad qui.', '2023-03-22 01:43:50'),
	(21275, 288, 1140, 'Fuga sapiente aut dolor in non est laborum.', '2023-03-22 01:43:50'),
	(21276, 294, 1111, 'Tempore soluta est beatae modi inventore non.', '2023-03-22 01:43:50'),
	(21277, 290, 1122, 'Ipsa quasi sint esse aut repudiandae est.', '2023-03-22 01:43:50'),
	(21278, 294, 1106, 'Quam ducimus saepe saepe reprehenderit voluptas.', '2023-03-22 01:43:50'),
	(21279, 289, 1141, 'Ut labore id et ut enim modi quisquam eos.', '2023-03-22 01:43:50'),
	(21280, 296, 1137, 'In sequi placeat non.', '2023-03-22 01:43:50'),
	(21281, 296, 1144, 'Rem eaque qui laborum ex earum quia recusandae.', '2023-03-22 01:43:50'),
	(21282, 292, 1146, 'Nulla atque nihil autem similique itaque.', '2023-03-22 01:43:50'),
	(21283, 295, 1110, 'Fugit odit necessitatibus ipsa repellat in.', '2023-03-22 01:43:50'),
	(21284, 297, 1144, 'Eum ut fuga aut qui sunt qui consectetur.', '2023-03-22 01:43:50'),
	(21285, 291, 1143, 'Et vel sunt deserunt quis excepturi.', '2023-03-22 01:43:50'),
	(21286, 288, 1110, 'Aut recusandae dolor consequatur sapiente.', '2023-03-22 01:43:50'),
	(21287, 292, 1132, 'Velit et culpa dolorem praesentium.', '2023-03-22 01:43:50'),
	(21288, 296, 1120, 'Doloribus nemo est at et qui quia sed dolorem.', '2023-03-22 01:43:50'),
	(21289, 290, 1148, 'Fugiat aut sit soluta enim corporis tempora.', '2023-03-22 01:43:50'),
	(21290, 292, 1118, 'Culpa sit ipsam maiores nam.', '2023-03-22 01:43:50'),
	(21291, 297, 1110, 'Quo ipsam amet harum quis sit.', '2023-03-22 01:43:50'),
	(21292, 289, 1112, 'Provident praesentium numquam quis.', '2023-03-22 01:43:50'),
	(21293, 290, 1111, 'Debitis in consectetur cum vel.', '2023-03-22 01:43:50'),
	(21294, 295, 1108, 'Illo rerum impedit ut assumenda iste rerum velit.', '2023-03-22 01:43:50'),
	(21295, 294, 1113, 'Velit alias error ut quae est.', '2023-03-22 01:43:50'),
	(21296, 295, 1129, 'Quae autem deleniti occaecati a.', '2023-03-22 01:43:50'),
	(21297, 290, 1137, 'Veniam autem suscipit autem consequuntur.', '2023-03-22 01:43:50'),
	(21298, 294, 1140, 'Quae sed impedit cupiditate deleniti odio cumque.', '2023-03-22 01:43:50'),
	(21299, 294, 1142, 'Velit possimus rem vitae.', '2023-03-22 01:43:50'),
	(21300, 291, 1128, 'Repudiandae non quas sunt delectus deleniti.', '2023-03-22 01:43:50'),
	(21301, 296, 1125, 'Porro qui sed blanditiis et tempora dicta.', '2023-03-22 01:43:50'),
	(21302, 290, 1141, 'Aliquam exercitationem ipsum veniam.', '2023-03-22 01:43:50'),
	(21303, 294, 1122, 'Ut occaecati sit molestiae aut.', '2023-03-22 01:43:50'),
	(21304, 293, 1128, 'Commodi a ut et et temporibus id tenetur.', '2023-03-22 01:43:50'),
	(21305, 293, 1107, 'Voluptatem quas aut tempore magni et.', '2023-03-22 01:43:50'),
	(21306, 289, 1110, 'Ipsam sequi incidunt sed.', '2023-03-22 01:43:50'),
	(21307, 290, 1114, 'In nulla et repellat qui.', '2023-03-22 01:43:50'),
	(21308, 297, 1122, 'Dolor ratione a qui praesentium.', '2023-03-22 01:43:50'),
	(21309, 291, 1132, 'Assumenda accusamus necessitatibus et voluptates.', '2023-03-22 01:43:50'),
	(21310, 289, 1145, 'Ea ea nihil et consequatur.', '2023-03-22 01:43:50'),
	(21311, 296, 1148, 'Nam eius pariatur tempora dolor.', '2023-03-22 01:43:50'),
	(21312, 297, 1105, 'Harum cumque hic quam non totam.', '2023-03-22 01:43:50'),
	(21313, 292, 1144, 'Voluptas reiciendis et et sunt aut nobis id.', '2023-03-22 01:43:50'),
	(21314, 291, 1109, 'Rerum suscipit sed ea possimus et et inventore.', '2023-03-22 01:43:50'),
	(21315, 288, 1109, 'Quis excepturi fuga eum eos sapiente.', '2023-03-22 01:43:50'),
	(21316, 297, 1136, 'Corrupti aut temporibus distinctio sunt ut.', '2023-03-22 01:43:50'),
	(21317, 290, 1129, 'Nostrum nobis voluptates et reiciendis error sit.', '2023-03-22 01:43:50'),
	(21318, 289, 1107, 'Sed omnis et aliquam.', '2023-03-22 01:43:50'),
	(21319, 296, 1134, 'Impedit tempora eaque officiis est qui.', '2023-03-22 01:43:50'),
	(21320, 291, 1107, 'Provident ex veniam sit dolores.', '2023-03-22 01:43:50'),
	(21321, 296, 1132, 'Fugit dolorem qui amet cupiditate sunt.', '2023-03-22 01:43:50'),
	(21322, 293, 1116, 'Et necessitatibus explicabo ad repellat.', '2023-03-22 01:43:50'),
	(21323, 293, 1129, 'Harum sapiente id molestias reprehenderit.', '2023-03-22 01:43:50'),
	(21324, 294, 1111, 'Voluptatibus praesentium laboriosam neque.', '2023-03-22 01:43:50'),
	(21325, 296, 1149, 'Et dolores reprehenderit ipsam officia.', '2023-03-22 01:43:50'),
	(21326, 296, 1118, 'Nemo culpa assumenda nam cumque.', '2023-03-22 01:43:50'),
	(21327, 293, 1145, 'Voluptatem quia dolores mollitia id at.', '2023-03-22 01:43:50'),
	(21328, 293, 1147, 'Possimus sed provident nihil possimus ad sed.', '2023-03-22 01:43:50'),
	(21329, 292, 1108, 'Saepe cum natus unde provident.', '2023-03-22 01:43:50'),
	(21330, 297, 1139, 'Alias nihil autem ipsa amet.', '2023-03-22 01:43:50'),
	(21331, 291, 1109, 'Ut consequatur qui recusandae delectus odit.', '2023-03-22 01:43:50'),
	(21332, 288, 1132, 'Illum cumque ut ut incidunt.', '2023-03-22 01:43:50'),
	(21333, 296, 1115, 'Cum nesciunt neque temporibus debitis.', '2023-03-22 01:43:50'),
	(21334, 296, 1113, 'Ipsam a alias quia laborum.', '2023-03-22 01:43:50'),
	(21335, 290, 1105, 'Veritatis dolorum qui dolor soluta.', '2023-03-22 01:43:50'),
	(21336, 292, 1133, 'Veritatis deserunt quod corrupti rerum.', '2023-03-22 01:43:50'),
	(21337, 292, 1140, 'Dicta ipsam quidem iure veniam.', '2023-03-22 01:43:50'),
	(21338, 290, 1129, 'Eveniet enim et rerum et rem consequuntur.', '2023-03-22 01:43:50'),
	(21339, 296, 1125, 'Quam vitae corporis debitis ad.', '2023-03-22 01:43:50'),
	(21340, 288, 1120, 'Est dolore minus omnis minima cum.', '2023-03-22 01:43:50'),
	(21341, 289, 1130, 'Tempora vero consequatur quia.', '2023-03-22 01:43:50'),
	(21342, 295, 1147, 'Ut nobis omnis rerum esse quo impedit.', '2023-03-22 01:43:50'),
	(21343, 297, 1134, 'Sunt ad porro ipsam velit a excepturi.', '2023-03-22 01:43:50'),
	(21344, 290, 1136, 'Fuga dolor doloribus dolorum iure ullam.', '2023-03-22 01:43:50'),
	(21345, 288, 1116, 'Ut reprehenderit sit vero.', '2023-03-22 01:43:50'),
	(21346, 295, 1132, 'Consectetur ut facere qui.', '2023-03-22 01:43:50'),
	(21347, 292, 1107, 'Aut tempore nisi neque ad.', '2023-03-22 01:43:50'),
	(21348, 289, 1109, 'Nisi cupiditate ut doloribus accusamus qui sint.', '2023-03-22 01:43:50'),
	(21349, 294, 1110, 'Quaerat qui odio ipsam rerum.', '2023-03-22 01:43:50'),
	(21350, 297, 1143, 'Totam quo blanditiis neque voluptatem provident.', '2023-03-22 01:43:50'),
	(21351, 296, 1121, 'Consequuntur aut corporis nam velit.', '2023-03-22 01:43:50'),
	(21352, 288, 1145, 'Voluptas hic illum omnis officia.', '2023-03-22 01:43:50'),
	(21353, 293, 1121, 'Odio amet aut est et veritatis debitis.', '2023-03-22 01:43:50'),
	(21354, 294, 1126, 'Aut laudantium alias non omnis accusantium.', '2023-03-22 01:43:50'),
	(21355, 292, 1113, 'Eligendi sunt delectus eos ut ipsum.', '2023-03-22 01:43:50'),
	(21356, 293, 1143, 'In velit delectus ut deserunt.', '2023-03-22 01:43:50'),
	(21357, 289, 1148, 'Vero labore nihil est ullam autem.', '2023-03-22 01:43:50'),
	(21358, 290, 1131, 'Qui quia tempora est dolor rem.', '2023-03-22 01:43:50'),
	(21359, 291, 1117, 'Quo excepturi dolores et expedita debitis.', '2023-03-22 01:43:50'),
	(21360, 297, 1147, 'Nemo ipsa eligendi at nisi.', '2023-03-22 01:43:50'),
	(21361, 288, 1145, 'Excepturi culpa ut modi eligendi error porro est.', '2023-03-22 01:43:50'),
	(21362, 292, 1106, 'Non laborum qui totam sunt.', '2023-03-22 01:43:50'),
	(21363, 295, 1147, 'Aspernatur quibusdam et earum ipsam dicta autem.', '2023-03-22 01:43:50'),
	(21364, 295, 1109, 'Architecto delectus tenetur quam.', '2023-03-22 01:43:50'),
	(21365, 289, 1113, 'At eos doloribus nesciunt voluptatum unde non.', '2023-03-22 01:43:50'),
	(21366, 296, 1112, 'Sed et et sed unde est dolores similique.', '2023-03-22 01:43:50'),
	(21367, 289, 1137, 'Eaque possimus sequi ad aliquam.', '2023-03-22 01:43:50'),
	(21368, 289, 1110, 'Quasi velit fuga a aut similique.', '2023-03-22 01:43:50'),
	(21369, 296, 1143, 'Distinctio autem quo ea.', '2023-03-22 01:43:50'),
	(21370, 291, 1128, 'Eaque distinctio harum et beatae.', '2023-03-22 01:43:50'),
	(21371, 295, 1107, 'Placeat et hic debitis ut facilis et.', '2023-03-22 01:43:50'),
	(21372, 289, 1132, 'Tempora quia omnis nobis neque distinctio.', '2023-03-22 01:43:50'),
	(21373, 297, 1135, 'Similique architecto explicabo omnis et ut.', '2023-03-22 01:43:50'),
	(21374, 295, 1142, 'Aliquam ipsum illum voluptatum optio.', '2023-03-22 01:43:50'),
	(21375, 295, 1122, 'Dolores quis laboriosam laboriosam qui odit.', '2023-03-22 01:43:50'),
	(21376, 290, 1130, 'Maxime molestiae enim velit vero.', '2023-03-22 01:43:50'),
	(21377, 293, 1149, 'Autem voluptatem sed qui.', '2023-03-22 01:43:50'),
	(21378, 291, 1130, 'Totam facilis odit nihil earum exercitationem.', '2023-03-22 01:43:50'),
	(21379, 292, 1127, 'Sunt in dicta neque labore facere non labore.', '2023-03-22 01:43:50'),
	(21380, 290, 1121, 'Ipsam et sint in odio sed aut.', '2023-03-22 01:43:50'),
	(21381, 297, 1147, 'Neque ipsa autem voluptatibus facilis debitis.', '2023-03-22 01:43:50'),
	(21382, 288, 1122, 'Omnis debitis et aliquam nostrum non molestiae.', '2023-03-22 01:43:50'),
	(21383, 288, 1120, 'Nemo sit quo eveniet sequi minima.', '2023-03-22 01:43:50'),
	(21384, 293, 1145, 'Placeat dolor et id. Magnam vel et est eius.', '2023-03-22 01:43:50'),
	(21385, 293, 1106, 'Et voluptate saepe et quis qui quasi.', '2023-03-22 01:43:50'),
	(21386, 295, 1139, 'Qui et ut facilis.', '2023-03-22 01:43:50'),
	(21387, 294, 1110, 'Quo iusto aspernatur perferendis quia et.', '2023-03-22 01:43:50'),
	(21388, 296, 1139, 'Culpa qui vero molestias aperiam.', '2023-03-22 01:43:50'),
	(21389, 295, 1116, 'Qui vero ad nisi explicabo sed.', '2023-03-22 01:43:50'),
	(21390, 296, 1109, 'Soluta et voluptatibus rerum.', '2023-03-22 01:43:50'),
	(21391, 293, 1108, 'Sed debitis quo laudantium quia.', '2023-03-22 01:43:50'),
	(21392, 297, 1132, 'Sequi ipsum ut rerum a sequi ratione illum.', '2023-03-22 01:43:50'),
	(21393, 292, 1135, 'Et et vero quam.', '2023-03-22 01:43:50'),
	(21394, 296, 1125, 'Ut laboriosam et qui veritatis.', '2023-03-22 01:43:50'),
	(21395, 291, 1140, 'Quaerat nobis beatae vel unde corrupti quisquam.', '2023-03-22 01:43:50'),
	(21396, 290, 1148, 'Esse ut voluptate et voluptatem id delectus.', '2023-03-22 01:43:50'),
	(21397, 290, 1130, 'Ut quis dolor ad sequi ut ut nam.', '2023-03-22 01:43:50'),
	(21398, 290, 1119, 'Dolor quo incidunt repellat eveniet ut doloribus.', '2023-03-22 01:43:50'),
	(21399, 297, 1137, 'Nisi ut vel temporibus ex id error.', '2023-03-22 01:43:50'),
	(21400, 295, 1106, 'Nesciunt nihil eum repellendus sed eos.', '2023-03-22 01:43:50'),
	(21401, 295, 1147, 'Earum illo culpa sit aliquid sint dolorem.', '2023-03-22 01:43:50'),
	(21402, 293, 1140, 'Praesentium ullam sit natus modi.', '2023-03-22 01:43:50'),
	(21403, 297, 1142, 'Quas deleniti dolorum sed rerum et vel.', '2023-03-22 01:43:50'),
	(21404, 292, 1105, 'Fugiat molestiae tenetur quo ipsum.', '2023-03-22 01:43:50'),
	(21405, 293, 1124, 'Dignissimos fuga aut ut sed.', '2023-03-22 01:43:50'),
	(21406, 296, 1121, 'Quo in quod repellendus.', '2023-03-22 01:43:50'),
	(21407, 293, 1130, 'Voluptas voluptatem magni illo sunt commodi.', '2023-03-22 01:43:50'),
	(21408, 295, 1144, 'Odio sint perspiciatis laudantium natus eius.', '2023-03-22 01:43:50'),
	(21409, 290, 1106, 'Eum quia culpa impedit praesentium.', '2023-03-22 01:43:50'),
	(21410, 292, 1110, 'Reprehenderit sunt autem voluptatem.', '2023-03-22 01:43:50'),
	(21411, 292, 1147, 'Cupiditate et eaque quos molestias aspernatur.', '2023-03-22 01:43:50'),
	(21412, 291, 1128, 'Qui dolor et qui quisquam praesentium.', '2023-03-22 01:43:50'),
	(21413, 289, 1145, 'Molestiae ea et pariatur amet.', '2023-03-22 01:43:50'),
	(21414, 295, 1126, 'Qui deleniti eum quam esse voluptas.', '2023-03-22 01:43:50'),
	(21415, 290, 1133, 'Tenetur est dolorum veritatis asperiores.', '2023-03-22 01:43:50'),
	(21416, 291, 1116, 'Veniam debitis ratione velit qui.', '2023-03-22 01:43:50'),
	(21417, 291, 1125, 'Eius qui ipsam nostrum odit voluptatem quas.', '2023-03-22 01:43:50'),
	(21418, 291, 1148, 'Non sed quam saepe sit et rerum quae.', '2023-03-22 01:43:50'),
	(21419, 288, 1115, 'Quia ut laboriosam eveniet nihil recusandae.', '2023-03-22 01:43:50'),
	(21420, 295, 1129, 'Magnam nihil et ipsum quia ab.', '2023-03-22 01:43:50'),
	(21421, 297, 1124, 'Nisi sed sed omnis itaque quod.', '2023-03-22 01:43:50'),
	(21422, 293, 1133, 'Aperiam quas non explicabo maxime.', '2023-03-22 01:43:50'),
	(21423, 291, 1109, 'Voluptatem dicta placeat corrupti.', '2023-03-22 01:43:50'),
	(21424, 291, 1110, 'Quia dolorum optio maiores odit ducimus.', '2023-03-22 01:43:50'),
	(21425, 296, 1128, 'Qui aut ea recusandae rerum omnis cupiditate quo.', '2023-03-22 01:43:50'),
	(21426, 288, 1119, 'Expedita beatae cupiditate et omnis.', '2023-03-22 01:43:50'),
	(21427, 295, 1133, 'Quidem reiciendis aut corrupti.', '2023-03-22 01:43:50'),
	(21428, 293, 1113, 'Quia autem laborum omnis similique ut unde.', '2023-03-22 01:43:50'),
	(21429, 291, 1139, 'Ducimus error eum porro sunt soluta fugiat.', '2023-03-22 01:43:50'),
	(21430, 293, 1134, 'Eos et dolor enim est nihil.', '2023-03-22 01:43:50'),
	(21431, 292, 1144, 'Nihil architecto minus placeat omnis.', '2023-03-22 01:43:50'),
	(21432, 290, 1145, 'Eum voluptatem quo et quasi.', '2023-03-22 01:43:50'),
	(21433, 292, 1119, 'Est quaerat animi sed aut amet ea.', '2023-03-22 01:43:50'),
	(21434, 294, 1118, 'Et et et in et.', '2023-03-22 01:43:50'),
	(21435, 295, 1148, 'Sit distinctio rerum aliquid et qui laborum.', '2023-03-22 01:43:50'),
	(21436, 289, 1138, 'Et rerum dolor repellendus unde.', '2023-03-22 01:43:50'),
	(21437, 297, 1138, 'Modi enim harum et et pariatur.', '2023-03-22 01:43:50'),
	(21438, 289, 1107, 'Neque ut non sapiente voluptatem.', '2023-03-22 01:43:50'),
	(21439, 292, 1114, 'Sunt rerum nobis consequatur minus nisi et.', '2023-03-22 01:43:50'),
	(21440, 297, 1128, 'Voluptatem dolore vitae repellendus ut quod.', '2023-03-22 01:43:50'),
	(21441, 295, 1140, 'Rerum ut accusamus aliquid.', '2023-03-22 01:43:50'),
	(21442, 297, 1107, 'Ipsa rem odio aperiam praesentium.', '2023-03-22 01:43:50'),
	(21443, 292, 1131, 'Labore rem ab magni ut odio non magni sed.', '2023-03-22 01:43:50'),
	(21444, 289, 1120, 'Similique autem rerum eos.', '2023-03-22 01:43:50'),
	(21445, 292, 1126, 'Ex quidem amet eos eum est quia.', '2023-03-22 01:43:50'),
	(21446, 295, 1146, 'Exercitationem quam dolore sequi quis tenetur.', '2023-03-22 01:43:50'),
	(21447, 289, 1148, 'Veritatis vitae adipisci quae non et.', '2023-03-22 01:43:50'),
	(21448, 297, 1109, 'Commodi sunt praesentium aut quia tempora nihil.', '2023-03-22 01:43:50'),
	(21449, 295, 1148, 'Et architecto qui animi.', '2023-03-22 01:43:50'),
	(21450, 293, 1143, 'Odio est in dolore placeat aut et.', '2023-03-22 01:43:50'),
	(21451, 295, 1129, 'Et veritatis sit et commodi velit omnis.', '2023-03-22 01:43:50'),
	(21452, 289, 1128, 'Sint dicta iusto fugiat.', '2023-03-22 01:43:50'),
	(21453, 296, 1133, 'Perferendis voluptate qui ad.', '2023-03-22 01:43:50'),
	(21454, 297, 1110, 'Aut quis quo laudantium assumenda.', '2023-03-22 01:43:50'),
	(21455, 289, 1115, 'Quo eos quam distinctio omnis fugiat.', '2023-03-22 01:43:50'),
	(21456, 296, 1109, 'Dolorum vero id quisquam odit ad.', '2023-03-22 01:43:50'),
	(21457, 289, 1110, 'Autem aut corporis est nobis.', '2023-03-22 01:43:50'),
	(21458, 293, 1137, 'Delectus in cumque sed facere enim.', '2023-03-22 01:43:50'),
	(21459, 291, 1130, 'Et totam natus rem non et occaecati rerum est.', '2023-03-22 01:43:50'),
	(21460, 297, 1116, 'Possimus dicta maiores non excepturi dolor sed.', '2023-03-22 01:43:50'),
	(21461, 291, 1118, 'Velit eum quaerat fuga aut eos nihil.', '2023-03-22 01:43:50'),
	(21462, 290, 1128, 'Et aut maxime excepturi qui expedita illum ut ut.', '2023-03-22 01:43:50'),
	(21463, 296, 1130, 'Sed aliquid est dolorem officiis et repudiandae.', '2023-03-22 01:43:50'),
	(21464, 297, 1130, 'Est quos voluptatem quisquam officia.', '2023-03-22 01:43:50'),
	(21465, 293, 1146, 'Quisquam voluptatem id autem repellat.', '2023-03-22 01:43:50'),
	(21466, 289, 1143, 'Voluptatibus perspiciatis dolorem dolores qui.', '2023-03-22 01:43:50'),
	(21467, 289, 1131, 'Voluptas aspernatur tenetur commodi et sint.', '2023-03-22 01:43:50'),
	(21468, 297, 1117, 'Qui consequatur tempora optio quia eligendi hic.', '2023-03-22 01:43:50'),
	(21469, 295, 1123, 'Ut voluptas nihil totam.', '2023-03-22 01:43:50'),
	(21470, 292, 1117, 'Sed omnis nobis nulla dolorem vel harum in qui.', '2023-03-22 01:43:50'),
	(21471, 296, 1107, 'Nihil quisquam cumque quas quas eum.', '2023-03-22 01:43:50'),
	(21472, 288, 1122, 'Dolor esse nobis consequatur corporis hic.', '2023-03-22 01:43:50'),
	(21473, 297, 1106, 'Nesciunt est veritatis architecto ipsum qui.', '2023-03-22 01:43:50'),
	(21474, 294, 1129, 'Sed molestiae in quam reiciendis.', '2023-03-22 01:43:50'),
	(21475, 290, 1130, 'Ea quia distinctio et est repellat et.', '2023-03-22 01:43:50'),
	(21476, 295, 1143, 'Ex et est nostrum et nihil soluta.', '2023-03-22 01:43:50'),
	(21477, 291, 1126, 'Nemo quae dolor omnis optio eos.', '2023-03-22 01:43:50'),
	(21478, 294, 1131, 'Corporis perspiciatis quasi tempore et aliquid.', '2023-03-22 01:43:50'),
	(21479, 295, 1109, 'Est quae facilis laudantium consectetur non quia.', '2023-03-22 01:43:50'),
	(21480, 288, 1123, 'Aut amet sit dolorem molestias quaerat ut.', '2023-03-22 01:43:50'),
	(21481, 294, 1132, 'Consequatur sint et molestiae mollitia aliquid.', '2023-03-22 01:43:50'),
	(21482, 295, 1144, 'Labore dicta adipisci maxime in eaque fuga ullam.', '2023-03-22 01:43:50'),
	(21483, 296, 1149, 'Aut sequi sunt autem atque incidunt.', '2023-03-22 01:43:50'),
	(21484, 296, 1147, 'Rem minus velit ut.', '2023-03-22 01:43:50'),
	(21485, 294, 1107, 'Maiores nihil cupiditate non et.', '2023-03-22 01:43:50'),
	(21486, 288, 1147, 'Qui autem nulla explicabo id.', '2023-03-22 01:43:50'),
	(21487, 297, 1142, 'Temporibus quia nulla omnis cumque.', '2023-03-22 01:43:50'),
	(21488, 292, 1117, 'Omnis alias dolorem velit molestias iste aut.', '2023-03-22 01:43:50'),
	(21489, 296, 1147, 'Sint quas odio atque aut voluptatem.', '2023-03-22 01:43:50'),
	(21490, 295, 1117, 'Quia est autem sit tempora ipsa.', '2023-03-22 01:43:50'),
	(21491, 290, 1111, 'Iusto alias explicabo quam sint odio.', '2023-03-22 01:43:50'),
	(21492, 289, 1141, 'Laborum eos repellat quidem aperiam officia qui.', '2023-03-22 01:43:50'),
	(21493, 292, 1114, 'Atque harum minus autem quis architecto.', '2023-03-22 01:43:50'),
	(21494, 291, 1117, 'Libero architecto odit est.', '2023-03-22 01:43:50'),
	(21495, 294, 1137, 'Magni ea cum iure quo.', '2023-03-22 01:43:50'),
	(21496, 290, 1129, 'Sint sed ut aut.', '2023-03-22 01:43:50'),
	(21497, 290, 1139, 'Iure et rerum debitis tempore velit.', '2023-03-22 01:43:50'),
	(21498, 290, 1128, 'Ut enim recusandae autem vel et alias.', '2023-03-22 01:43:50'),
	(21499, 291, 1115, 'Saepe accusantium hic harum est itaque.', '2023-03-22 01:43:50'),
	(21500, 296, 1126, 'Expedita voluptas adipisci itaque.', '2023-03-22 01:43:50'),
	(21501, 294, 1113, 'Repellat dolores consequuntur voluptate quam.', '2023-03-22 01:43:50'),
	(21502, 295, 1112, 'Sint pariatur aut sequi sed dolorem qui tempora.', '2023-03-22 01:43:50'),
	(21503, 291, 1114, 'Accusamus distinctio veniam nisi sit ut aut.', '2023-03-22 01:43:50'),
	(21504, 292, 1127, 'Magnam dignissimos autem quia hic culpa hic.', '2023-03-22 01:43:50'),
	(21505, 294, 1115, 'A corrupti quia ut eaque.', '2023-03-22 01:43:50'),
	(21506, 291, 1120, 'Autem error rerum neque a provident ab ea.', '2023-03-22 01:43:50'),
	(21507, 291, 1123, 'Sequi ad totam totam dicta molestiae quod.', '2023-03-22 01:43:50'),
	(21508, 292, 1134, 'Soluta distinctio voluptatem quas.', '2023-03-22 01:43:50'),
	(21509, 290, 1133, 'Ea rerum ratione recusandae.', '2023-03-22 01:43:50'),
	(21510, 288, 1138, 'Qui aut quaerat dolor sit atque amet.', '2023-03-22 01:43:50'),
	(21511, 291, 1135, 'Aspernatur nisi harum provident.', '2023-03-22 01:43:50'),
	(21512, 294, 1132, 'Nulla nostrum quia ducimus sit dolor consequatur.', '2023-03-22 01:43:50'),
	(21513, 293, 1146, 'Eum est nobis at aut est asperiores.', '2023-03-22 01:43:50'),
	(21514, 292, 1114, 'Pariatur nemo possimus labore maxime.', '2023-03-22 01:43:50'),
	(21515, 291, 1135, 'Vel illum soluta quas eligendi omnis.', '2023-03-22 01:43:50'),
	(21516, 295, 1146, 'Quis soluta rerum nesciunt id ea sint facere.', '2023-03-22 01:43:50'),
	(21517, 294, 1111, 'Sequi tempore error facere voluptas hic.', '2023-03-22 01:43:50'),
	(21518, 295, 1136, 'Accusantium enim ullam provident in qui.', '2023-03-22 01:43:50'),
	(21519, 288, 1136, 'Eveniet debitis quis nostrum vitae esse.', '2023-03-22 01:43:50'),
	(21520, 293, 1137, 'Repellendus repellendus molestias natus.', '2023-03-22 01:43:50'),
	(21521, 293, 1136, 'Facilis qui dolor omnis perspiciatis numquam.', '2023-03-22 01:43:50'),
	(21522, 292, 1138, 'Sequi officiis possimus magni ducimus fuga eos.', '2023-03-22 01:43:50'),
	(21523, 289, 1145, 'Adipisci enim accusamus esse aut quos.', '2023-03-22 01:43:50'),
	(21524, 295, 1136, 'Non cum sequi cupiditate unde sit.', '2023-03-22 01:43:50'),
	(21525, 292, 1123, 'Harum ut aut soluta et eaque.', '2023-03-22 01:43:50'),
	(21526, 297, 1117, 'Iste pariatur voluptatibus quaerat voluptate.', '2023-03-22 01:43:50'),
	(21527, 291, 1138, 'Velit iure ducimus dolor expedita est ut tempora.', '2023-03-22 01:43:50'),
	(21528, 292, 1136, 'Aut quisquam ea pariatur fuga ratione.', '2023-03-22 01:43:50'),
	(21529, 293, 1137, 'Vel excepturi ut ut qui.', '2023-03-22 01:43:50'),
	(21530, 296, 1146, 'Amet vel voluptas labore dolor modi velit.', '2023-03-22 01:43:50'),
	(21531, 290, 1136, 'Doloremque nobis animi autem.', '2023-03-22 01:43:50'),
	(21532, 289, 1114, 'Molestiae eveniet quia dicta ea qui.', '2023-03-22 01:43:50'),
	(21533, 288, 1148, 'Earum laborum error consectetur tenetur.', '2023-03-22 01:43:50'),
	(21534, 292, 1147, 'Qui qui debitis eos quaerat dolor facilis.', '2023-03-22 01:43:50'),
	(21535, 292, 1134, 'Saepe odit nihil impedit quam.', '2023-03-22 01:43:50'),
	(21536, 293, 1126, 'Ut qui quos ea consectetur nam pariatur.', '2023-03-22 01:43:50'),
	(21537, 294, 1132, 'Id odio beatae inventore.', '2023-03-22 01:43:50'),
	(21538, 292, 1146, 'Incidunt ullam dolor vitae voluptates et.', '2023-03-22 01:43:50'),
	(21539, 289, 1125, 'Necessitatibus facere quod commodi officia dolor.', '2023-03-22 01:43:50'),
	(21540, 289, 1129, 'Cumque unde nulla quia fugit asperiores.', '2023-03-22 01:43:50'),
	(21541, 296, 1148, 'Sunt adipisci quia eius.', '2023-03-22 01:43:50'),
	(21542, 290, 1140, 'Est nihil alias harum nulla animi.', '2023-03-22 01:43:50'),
	(21543, 295, 1120, 'Eum adipisci ex molestiae rem et et mollitia.', '2023-03-22 01:43:50'),
	(21544, 295, 1115, 'Sit aspernatur est nostrum.', '2023-03-22 01:43:50'),
	(21545, 289, 1115, 'Ullam aut beatae voluptatem fuga.', '2023-03-22 01:43:50'),
	(21546, 295, 1113, 'Fugit quia provident quos ut fugit.', '2023-03-22 01:43:50'),
	(21547, 291, 1144, 'Dolore quae suscipit dicta rerum odit.', '2023-03-22 01:43:50'),
	(21548, 295, 1148, 'Ea soluta sit qui inventore consequatur quae.', '2023-03-22 01:43:50'),
	(21549, 290, 1123, 'Nesciunt expedita totam quam ea est at.', '2023-03-22 01:43:50'),
	(21550, 291, 1129, 'Ipsum ipsum reprehenderit sunt eaque qui quia.', '2023-03-22 01:43:50'),
	(21551, 297, 1123, 'Quo qui sit ut ratione eos beatae.', '2023-03-22 01:43:50'),
	(21552, 288, 1143, 'Odio blanditiis quod eum vel eligendi.', '2023-03-22 01:43:50'),
	(21553, 291, 1134, 'Unde quia sit aut iusto distinctio.', '2023-03-22 01:43:50'),
	(21554, 289, 1140, 'Atque mollitia tempore quos ipsa ad dolorem quae.', '2023-03-22 01:43:50'),
	(21555, 295, 1120, 'Omnis commodi voluptatem et.', '2023-03-22 01:43:50'),
	(21556, 291, 1108, 'Quia veniam ab et alias voluptas iste sint.', '2023-03-22 01:43:50'),
	(21557, 289, 1111, 'Officiis sint vel maiores.', '2023-03-22 01:43:50'),
	(21558, 288, 1108, 'Sit sit et qui repellendus quis excepturi ut.', '2023-03-22 01:43:50'),
	(21559, 295, 1135, 'Quis aspernatur et itaque tempore.', '2023-03-22 01:43:50'),
	(21560, 289, 1130, 'Dolorum voluptatem odit facere.', '2023-03-22 01:43:50'),
	(21561, 295, 1126, 'Laudantium praesentium quas reiciendis.', '2023-03-22 01:43:50'),
	(21562, 292, 1121, 'Unde illum nesciunt nemo quo quia.', '2023-03-22 01:43:50'),
	(21563, 290, 1143, 'Magnam officia veniam ea nihil non est.', '2023-03-22 01:43:50'),
	(21564, 292, 1142, 'Dolores ipsum possimus sint ipsam ipsum vel.', '2023-03-22 01:43:50'),
	(21565, 288, 1129, 'Error ut in sapiente.', '2023-03-22 01:43:50'),
	(21566, 295, 1108, 'Quia non nesciunt quia quidem facere.', '2023-03-22 01:43:50'),
	(21567, 294, 1135, 'Ipsam optio dicta aspernatur et non aut.', '2023-03-22 01:43:50'),
	(21568, 289, 1146, 'Maiores corrupti qui eveniet ad.', '2023-03-22 01:43:50'),
	(21569, 294, 1113, 'Non quisquam beatae consequatur et explicabo.', '2023-03-22 01:43:50'),
	(21570, 289, 1115, 'Et sed voluptas neque quo.', '2023-03-22 01:43:50'),
	(21571, 291, 1129, 'Et magnam laudantium consequatur totam odio.', '2023-03-22 01:43:50'),
	(21572, 290, 1134, 'Ipsa culpa inventore consequatur magni.', '2023-03-22 01:43:50'),
	(21573, 292, 1106, 'Porro autem velit quis rerum quia ipsum.', '2023-03-22 01:43:50'),
	(21574, 295, 1146, 'Unde iusto illo quo tempora repellat sed.', '2023-03-22 01:43:50'),
	(21575, 290, 1135, 'Et est ex modi rerum nam.', '2023-03-22 01:43:50'),
	(21576, 294, 1146, 'Ea error voluptatem est fugiat eaque dolores.', '2023-03-22 01:43:50'),
	(21577, 293, 1107, 'Soluta doloremque non facilis inventore.', '2023-03-22 01:43:50'),
	(21578, 293, 1117, 'Sint qui qui facere cum saepe facere eius.', '2023-03-22 01:43:50'),
	(21579, 295, 1107, 'Maiores quas laboriosam natus expedita nisi.', '2023-03-22 01:43:50'),
	(21580, 294, 1124, 'Ab est quibusdam dicta error.', '2023-03-22 01:43:50'),
	(21581, 289, 1119, 'Aut totam dolores maxime.', '2023-03-22 01:43:50'),
	(21582, 296, 1128, 'Amet non blanditiis occaecati adipisci.', '2023-03-22 01:43:50'),
	(21583, 289, 1143, 'Dolores ad ipsam unde fuga autem optio.', '2023-03-22 01:43:50'),
	(21584, 293, 1127, 'Eveniet est sunt sapiente ut quidem error autem.', '2023-03-22 01:43:50'),
	(21585, 292, 1138, 'Laborum eaque rerum autem rerum.', '2023-03-22 01:43:50'),
	(21586, 296, 1113, 'Et veniam inventore a quis sed.', '2023-03-22 01:43:50'),
	(21587, 295, 1138, 'Ducimus reiciendis et odio et blanditiis.', '2023-03-22 01:43:50'),
	(21588, 291, 1109, 'Architecto quae minus nihil ab at consequuntur.', '2023-03-22 01:43:50'),
	(21589, 289, 1110, 'Eveniet delectus sit voluptatem.', '2023-03-22 01:43:50'),
	(21590, 288, 1116, 'Voluptatem sunt omnis rem et est molestias.', '2023-03-22 01:43:50'),
	(21591, 292, 1117, 'Sunt hic fuga ut et voluptatem sint earum odio.', '2023-03-22 01:43:50'),
	(21592, 289, 1127, 'Aspernatur pariatur quam aperiam vel voluptates.', '2023-03-22 01:43:50'),
	(21593, 291, 1145, 'Iusto fuga ut quia vel temporibus odio vero.', '2023-03-22 01:43:50'),
	(21594, 293, 1126, 'Porro non saepe eum consequatur et.', '2023-03-22 01:43:50'),
	(21595, 294, 1145, 'Enim quos voluptas est omnis voluptas nesciunt.', '2023-03-22 01:43:50'),
	(21596, 293, 1111, 'Fuga necessitatibus qui nesciunt aspernatur.', '2023-03-22 01:43:50'),
	(21597, 295, 1136, 'Assumenda repellat ut qui veniam.', '2023-03-22 01:43:50'),
	(21598, 297, 1119, 'Necessitatibus sit et dolor sunt.', '2023-03-22 01:43:50'),
	(21599, 290, 1131, 'Aut iste explicabo error.', '2023-03-22 01:43:50'),
	(21600, 296, 1125, 'Officia saepe eos sed saepe dolores alias.', '2023-03-22 01:43:50'),
	(21601, 288, 1130, 'Aut culpa illo consequuntur tenetur ea.', '2023-03-22 01:43:50'),
	(21602, 295, 1105, 'Accusamus nisi ipsum nobis sed voluptas porro.', '2023-03-22 01:43:50'),
	(21603, 288, 1120, 'Sit ipsa consectetur iste vel minus.', '2023-03-22 01:43:50'),
	(21604, 293, 1121, 'Mollitia vel quae quis quasi et.', '2023-03-22 01:43:50'),
	(21605, 288, 1136, 'Non nostrum ut id numquam in dolorum eveniet.', '2023-03-22 01:43:50'),
	(21606, 292, 1133, 'Assumenda fugit dolor minima optio et quidem.', '2023-03-22 01:43:50'),
	(21607, 289, 1119, 'Molestiae veniam enim placeat inventore qui.', '2023-03-22 01:43:50'),
	(21608, 297, 1136, 'Asperiores velit est dicta a quam in.', '2023-03-22 01:43:50'),
	(21609, 293, 1130, 'Sed incidunt libero debitis qui quod.', '2023-03-22 01:43:50'),
	(21610, 288, 1132, 'A non eaque quam vero.', '2023-03-22 01:43:50'),
	(21611, 292, 1136, 'Ea dolores unde rerum consequatur iure.', '2023-03-22 01:43:50'),
	(21612, 295, 1114, 'Quam sint neque quasi possimus nulla sed.', '2023-03-22 01:43:50'),
	(21613, 296, 1124, 'Debitis ab a officiis velit iusto.', '2023-03-22 01:43:50'),
	(21614, 289, 1136, 'Et est dolores et ducimus numquam et.', '2023-03-22 01:43:50'),
	(21615, 293, 1122, 'Quia iusto est quae sunt.', '2023-03-22 01:43:50'),
	(21616, 289, 1136, 'Iure dolores ullam non.', '2023-03-22 01:43:50'),
	(21617, 297, 1131, 'Aperiam optio eum facere sapiente perspiciatis.', '2023-03-22 01:43:50'),
	(21618, 294, 1146, 'Odio ea rerum est optio.', '2023-03-22 01:43:50'),
	(21619, 297, 1118, 'Explicabo dolores tempora ipsa rem.', '2023-03-22 01:43:50'),
	(21620, 291, 1129, 'Quia ducimus nostrum non exercitationem aperiam.', '2023-03-22 01:43:50'),
	(21621, 294, 1124, 'Ratione maxime eos non temporibus.', '2023-03-22 01:43:50'),
	(21622, 296, 1141, 'Vitae quod molestias sequi et asperiores dolorem.', '2023-03-22 01:43:50'),
	(21623, 289, 1123, 'Et qui repellendus vel.', '2023-03-22 01:43:50'),
	(21624, 290, 1141, 'Officia officia tempora voluptatem est aperiam.', '2023-03-22 01:43:50'),
	(21625, 295, 1110, 'Possimus eos velit autem.', '2023-03-22 01:43:50'),
	(21626, 292, 1114, 'Possimus repellat dolores sint doloremque.', '2023-03-22 01:43:50'),
	(21627, 297, 1120, 'Atque esse quasi enim.', '2023-03-22 01:43:50'),
	(21628, 291, 1121, 'Ratione facilis quia iste sapiente.', '2023-03-22 01:43:50'),
	(21629, 291, 1107, 'Quos omnis vitae iure odit.', '2023-03-22 01:43:50'),
	(21630, 293, 1111, 'Nesciunt expedita magni provident rerum.', '2023-03-22 01:43:50'),
	(21631, 292, 1145, 'Porro rerum aut autem in corrupti.', '2023-03-22 01:43:50'),
	(21632, 292, 1142, 'Sit ut itaque et sit et voluptate.', '2023-03-22 01:43:50'),
	(21633, 291, 1138, 'Rerum est consequatur enim.', '2023-03-22 01:43:50'),
	(21634, 288, 1129, 'Quibusdam provident et sit corrupti.', '2023-03-22 01:43:50'),
	(21635, 292, 1124, 'Voluptatem omnis voluptates inventore.', '2023-03-22 01:43:50'),
	(21636, 288, 1143, 'Officiis sed et sit debitis.', '2023-03-22 01:43:50'),
	(21637, 294, 1118, 'Ipsa nobis voluptatem commodi aut.', '2023-03-22 01:43:50'),
	(21638, 296, 1137, 'Ab ipsum dolore aut.', '2023-03-22 01:43:50'),
	(21639, 296, 1118, 'Sit esse ut enim aliquid laborum cumque.', '2023-03-22 01:43:50'),
	(21640, 291, 1128, 'Nisi voluptatum architecto nihil nam.', '2023-03-22 01:43:50'),
	(21641, 295, 1147, 'Quam eligendi est sapiente et officia qui quo.', '2023-03-22 01:43:50'),
	(21642, 296, 1136, 'Eveniet et in eum sit.', '2023-03-22 01:43:50'),
	(21643, 297, 1120, 'Dolores amet nulla totam doloremque minus est et.', '2023-03-22 01:43:50'),
	(21644, 294, 1149, 'Eos in accusamus sunt sunt ut amet.', '2023-03-22 01:43:50'),
	(21645, 293, 1135, 'Animi sed quia aut nulla dolor laborum.', '2023-03-22 01:43:50'),
	(21646, 293, 1113, 'Quia aut voluptatem nam dolorem error vitae non.', '2023-03-22 01:43:50'),
	(21647, 295, 1121, 'Et rem voluptates at ea voluptas nobis et.', '2023-03-22 01:43:50'),
	(21648, 295, 1117, 'Iure ipsam deserunt et voluptatum.', '2023-03-22 01:43:50'),
	(21649, 296, 1142, 'Quibusdam distinctio culpa cumque.', '2023-03-22 01:43:50'),
	(21650, 296, 1121, 'Facilis non consectetur quidem qui dolorem.', '2023-03-22 01:43:50'),
	(21651, 294, 1149, 'Ab laboriosam qui perferendis consequatur.', '2023-03-22 01:43:50'),
	(21652, 294, 1119, 'Dicta itaque ullam quidem in rem.', '2023-03-22 01:43:50'),
	(21653, 289, 1114, 'Sunt voluptatibus suscipit vel in assumenda modi.', '2023-03-22 01:43:50'),
	(21654, 291, 1117, 'Dolores deserunt et incidunt eum reprehenderit.', '2023-03-22 01:43:50'),
	(21655, 296, 1141, 'Possimus perferendis maiores ut qui fuga.', '2023-03-22 01:43:50'),
	(21656, 293, 1109, 'Omnis adipisci doloremque omnis.', '2023-03-22 01:43:50'),
	(21657, 293, 1137, 'Amet nihil nostrum occaecati consequatur.', '2023-03-22 01:43:50'),
	(21658, 297, 1110, 'Tenetur consequatur blanditiis sit excepturi.', '2023-03-22 01:43:50'),
	(21659, 292, 1122, 'Nesciunt facere repudiandae vero reiciendis quo.', '2023-03-22 01:43:50'),
	(21660, 288, 1146, 'Cupiditate dolorem minus illo optio pariatur.', '2023-03-22 01:43:50'),
	(21661, 291, 1108, 'Aut ullam pariatur porro optio ipsa iste.', '2023-03-22 01:43:50'),
	(21662, 296, 1132, 'Rerum vel ea atque beatae.', '2023-03-22 01:43:50'),
	(21663, 295, 1118, 'Est earum similique quasi odit sed rerum.', '2023-03-22 01:43:50'),
	(21664, 297, 1141, 'Et aperiam consectetur vero ut labore dolore.', '2023-03-22 01:43:50'),
	(21665, 297, 1131, 'Nobis qui alias vitae atque vel sit.', '2023-03-22 01:43:50'),
	(21666, 288, 1148, 'Sit necessitatibus in enim possimus.', '2023-03-22 01:43:50'),
	(21667, 296, 1135, 'Placeat optio in officiis laudantium et.', '2023-03-22 01:43:50'),
	(21668, 292, 1131, 'Aut tempore aut a et sint.', '2023-03-22 01:43:50'),
	(21669, 292, 1116, 'In nam sed consequuntur alias eum inventore aut.', '2023-03-22 01:43:50'),
	(21670, 289, 1128, 'Quas cum autem nostrum voluptatum.', '2023-03-22 01:43:50'),
	(21671, 291, 1145, 'Dolorum dolor fugiat autem sint voluptas.', '2023-03-22 01:43:50'),
	(21672, 290, 1112, 'Ab officia maxime dolor architecto et quos.', '2023-03-22 01:43:50'),
	(21673, 290, 1115, 'Earum nulla similique unde necessitatibus.', '2023-03-22 01:43:50'),
	(21674, 297, 1140, 'Voluptatem quod quos ut natus officia.', '2023-03-22 01:43:50'),
	(21675, 292, 1118, 'Accusamus optio quae distinctio rem perspiciatis.', '2023-03-22 01:43:50'),
	(21676, 294, 1124, 'Qui dolorum nostrum nulla at vero explicabo aut.', '2023-03-22 01:43:50'),
	(21677, 289, 1107, 'Officiis et est eligendi modi rerum dolorum ea.', '2023-03-22 01:43:50'),
	(21678, 288, 1149, 'Dolorem asperiores a porro et id.', '2023-03-22 01:43:50'),
	(21679, 297, 1141, 'Quia est facere officiis soluta totam quod.', '2023-03-22 01:43:50'),
	(21680, 293, 1134, 'Accusamus officiis aliquid et fuga.', '2023-03-22 01:43:50'),
	(21681, 292, 1109, 'Sit consequatur reprehenderit itaque.', '2023-03-22 01:43:50'),
	(21682, 295, 1109, 'Velit modi tenetur sunt maxime.', '2023-03-22 01:43:50'),
	(21683, 297, 1130, 'Consequatur aliquam quis voluptatibus nihil.', '2023-03-22 01:43:50'),
	(21684, 293, 1128, 'Quasi facere alias ab dolor occaecati.', '2023-03-22 01:43:50'),
	(21685, 292, 1114, 'Placeat eum ea reiciendis autem.', '2023-03-22 01:43:50'),
	(21686, 297, 1142, 'Fugit incidunt ad tempore tempora.', '2023-03-22 01:43:50'),
	(21687, 288, 1124, 'Rerum dicta illum ea non.', '2023-03-22 01:43:50'),
	(21688, 294, 1128, 'Adipisci aut voluptatem nihil animi.', '2023-03-22 01:43:50'),
	(21689, 294, 1121, 'Suscipit dolores sit provident voluptatum.', '2023-03-22 01:43:50'),
	(21690, 295, 1128, 'Blanditiis sed rerum amet magnam iusto neque.', '2023-03-22 01:43:50'),
	(21691, 291, 1129, 'Velit optio qui odit aut in molestiae eum.', '2023-03-22 01:43:50'),
	(21692, 297, 1138, 'In incidunt quo et voluptas iusto.', '2023-03-22 01:43:50'),
	(21693, 297, 1109, 'Dolor autem delectus in.', '2023-03-22 01:43:50'),
	(21694, 295, 1123, 'Quis minus facilis magnam veritatis quas quo.', '2023-03-22 01:43:50'),
	(21695, 295, 1106, 'Et cumque iure asperiores quo corporis non odit.', '2023-03-22 01:43:50'),
	(21696, 293, 1107, 'Et ut et ut iure laborum.', '2023-03-22 01:43:50'),
	(21697, 296, 1148, 'Molestias rerum animi voluptas non.', '2023-03-22 01:43:50'),
	(21698, 288, 1137, 'Non qui et excepturi doloribus.', '2023-03-22 01:43:50'),
	(21699, 291, 1118, 'Et iste distinctio sed natus.', '2023-03-22 01:43:50'),
	(21700, 293, 1148, 'Expedita officiis eum perferendis cumque non.', '2023-03-22 01:43:50'),
	(21701, 291, 1147, 'Fugiat dolores sed ratione.', '2023-03-22 01:43:50'),
	(21702, 296, 1115, 'Tempora et dolores quaerat fuga.', '2023-03-22 01:43:50'),
	(21703, 288, 1107, 'Quisquam voluptatem facilis dolorum.', '2023-03-22 01:43:50'),
	(21704, 295, 1144, 'Tempora est sed velit rerum iure sequi.', '2023-03-22 01:43:50'),
	(21705, 295, 1124, 'Doloremque reiciendis voluptatum odit laboriosam.', '2023-03-22 01:43:50'),
	(21706, 289, 1105, 'Quia perferendis eum optio sunt est.', '2023-03-22 01:43:50'),
	(21707, 289, 1144, 'Debitis harum officiis quia rerum quibusdam.', '2023-03-22 01:43:50'),
	(21708, 291, 1106, 'Beatae aperiam sunt corporis esse natus quidem.', '2023-03-22 01:43:50'),
	(21709, 288, 1148, 'Sed iste sed suscipit.', '2023-03-22 01:43:50'),
	(21710, 289, 1115, 'Aut qui ut temporibus a dolor sit sequi.', '2023-03-22 01:43:50'),
	(21711, 297, 1129, 'Doloremque omnis omnis est saepe excepturi.', '2023-03-22 01:43:50'),
	(21712, 288, 1131, 'Expedita quo qui reprehenderit neque non.', '2023-03-22 01:43:50'),
	(21713, 297, 1116, 'Ex amet eum praesentium.', '2023-03-22 01:43:50'),
	(21714, 291, 1140, 'Ut quas provident eligendi ut quia.', '2023-03-22 01:43:50'),
	(21715, 291, 1115, 'Debitis rerum maiores voluptatem.', '2023-03-22 01:43:50'),
	(21716, 289, 1141, 'Et dolores aut animi et voluptatibus delectus.', '2023-03-22 01:43:50'),
	(21717, 296, 1116, 'Deserunt nihil aliquam et minus officia.', '2023-03-22 01:43:50'),
	(21718, 289, 1110, 'Ab ut consequuntur eos.', '2023-03-22 01:43:50'),
	(21719, 295, 1107, 'Voluptates saepe nemo at quia.', '2023-03-22 01:43:50'),
	(21720, 288, 1129, 'Amet hic facere odit.', '2023-03-22 01:43:50'),
	(21721, 292, 1111, 'Odit suscipit veritatis et quidem itaque.', '2023-03-22 01:43:50'),
	(21722, 294, 1128, 'Repellat voluptatem impedit nisi sint.', '2023-03-22 01:43:50'),
	(21723, 291, 1146, 'Deleniti voluptates ut et.', '2023-03-22 01:43:50'),
	(21724, 290, 1124, 'Sunt occaecati et odio id id cupiditate delectus.', '2023-03-22 01:43:50'),
	(21725, 289, 1116, 'Amet est velit illum reiciendis deserunt magni.', '2023-03-22 01:43:50'),
	(21726, 294, 1129, 'Eius voluptatem et et delectus cum fuga vero.', '2023-03-22 01:43:50'),
	(21727, 294, 1132, 'Debitis deserunt iste sequi.', '2023-03-22 01:43:50'),
	(21728, 291, 1138, 'Veritatis ipsam ratione necessitatibus in.', '2023-03-22 01:43:50'),
	(21729, 288, 1108, 'Quidem aut est sint modi non cupiditate alias.', '2023-03-22 01:43:50'),
	(21730, 291, 1137, 'Repudiandae nesciunt similique neque qui.', '2023-03-22 01:43:50'),
	(21731, 297, 1125, 'Error eos mollitia ut voluptas aut corrupti.', '2023-03-22 01:43:50'),
	(21732, 289, 1131, 'Dolor aspernatur veritatis qui nemo velit cum.', '2023-03-22 01:43:50'),
	(21733, 295, 1148, 'Quo natus enim omnis est nesciunt aut.', '2023-03-22 01:43:50'),
	(21734, 293, 1120, 'Mollitia totam sed ipsa expedita quis.', '2023-03-22 01:43:50'),
	(21735, 297, 1131, 'Rerum sunt nostrum sed ut quaerat suscipit.', '2023-03-22 01:43:50'),
	(21736, 296, 1119, 'Non dolorum quos beatae voluptatem dolor qui.', '2023-03-22 01:43:50'),
	(21737, 296, 1140, 'Quo ex ut delectus labore.', '2023-03-22 01:43:50'),
	(21738, 293, 1109, 'Ducimus quia quibusdam ipsum maiores.', '2023-03-22 01:43:50'),
	(21739, 295, 1146, 'Quo eius et magni.', '2023-03-22 01:43:50'),
	(21740, 290, 1121, 'Aliquam libero optio et et cumque.', '2023-03-22 01:43:50'),
	(21741, 295, 1145, 'Ratione quos magni est aut repudiandae molestiae.', '2023-03-22 01:43:50'),
	(21742, 288, 1142, 'Deleniti laudantium praesentium et.', '2023-03-22 01:43:50'),
	(21743, 288, 1108, 'Illo excepturi est saepe rem.', '2023-03-22 01:43:50'),
	(21744, 294, 1129, 'Exercitationem dolorem voluptates labore nam.', '2023-03-22 01:43:50'),
	(21745, 289, 1127, 'Occaecati inventore et ea porro nihil et.', '2023-03-22 01:43:50'),
	(21746, 293, 1135, 'Nam laudantium quisquam dolorum minima.', '2023-03-22 01:43:50'),
	(21747, 297, 1136, 'Error labore asperiores quas.', '2023-03-22 01:43:50'),
	(21748, 295, 1110, 'Aut neque et aut necessitatibus facere.', '2023-03-22 01:43:50'),
	(21749, 290, 1148, 'Asperiores vero rem veniam sit dolor eos est.', '2023-03-22 01:43:50'),
	(21750, 290, 1143, 'Dolore magnam ipsam ducimus.', '2023-03-22 01:43:50'),
	(21751, 293, 1124, 'Quo voluptatibus aut consequuntur voluptas eum.', '2023-03-22 01:43:50'),
	(21752, 293, 1105, 'Optio tempore iusto aut odio sit repellendus.', '2023-03-22 01:43:50'),
	(21753, 288, 1122, 'Accusamus quae est qui voluptates et omnis iusto.', '2023-03-22 01:43:50'),
	(21754, 290, 1117, 'Libero hic explicabo quam consequatur culpa.', '2023-03-22 01:43:50'),
	(21755, 291, 1117, 'Ipsa nihil ut est dolor vitae.', '2023-03-22 01:43:50'),
	(21756, 289, 1129, 'Est ut quaerat voluptas voluptas.', '2023-03-22 01:43:50'),
	(21757, 291, 1143, 'Et a aspernatur modi adipisci omnis qui.', '2023-03-22 01:43:50'),
	(21758, 290, 1135, 'Est a facere perspiciatis alias ut consequatur.', '2023-03-22 01:43:50'),
	(21759, 289, 1114, 'Deserunt qui et magnam dicta incidunt illum.', '2023-03-22 01:43:50'),
	(21760, 288, 1107, 'Hic nihil nobis dolor at quis explicabo.', '2023-03-22 01:43:50'),
	(21761, 295, 1117, 'Facere neque vero aut modi.', '2023-03-22 01:43:50'),
	(21762, 289, 1133, 'Quam voluptatem possimus aut iure.', '2023-03-22 01:43:50'),
	(21763, 297, 1105, 'Sint qui labore nesciunt ut et.', '2023-03-22 01:43:50'),
	(21764, 297, 1146, 'Iure ipsam sunt sint sed rerum facere et.', '2023-03-22 01:43:50'),
	(21765, 289, 1125, 'Ut iure perferendis velit officia aut.', '2023-03-22 01:43:50'),
	(21766, 288, 1129, 'Vero voluptatem commodi aut ipsam quasi corrupti.', '2023-03-22 01:43:50'),
	(21767, 296, 1114, 'Labore ab qui voluptates saepe velit asperiores.', '2023-03-22 01:43:50'),
	(21768, 294, 1112, 'Quisquam omnis ea quidem et eos.', '2023-03-22 01:43:50'),
	(21769, 297, 1109, 'Architecto velit soluta dolores quo.', '2023-03-22 01:43:50'),
	(21770, 294, 1143, 'Excepturi et aliquam amet voluptatem blanditiis.', '2023-03-22 01:43:50'),
	(21771, 296, 1130, 'Qui id sed suscipit rerum dicta quo.', '2023-03-22 01:43:50'),
	(21772, 295, 1137, 'Ratione quis non veritatis quibusdam vel.', '2023-03-22 01:43:50'),
	(21773, 288, 1130, 'Ea hic rerum repellat quis libero et.', '2023-03-22 01:43:50'),
	(21774, 296, 1130, 'Ipsum aut ex optio accusantium ex corporis.', '2023-03-22 01:43:50'),
	(21775, 297, 1117, 'Sint dolorem quasi et earum.', '2023-03-22 01:43:50'),
	(21776, 296, 1131, 'Asperiores illo aut quaerat alias.', '2023-03-22 01:43:50'),
	(21777, 295, 1138, 'Autem omnis repudiandae quas odio.', '2023-03-22 01:43:50'),
	(21778, 296, 1123, 'Molestiae molestiae facere sint.', '2023-03-22 01:43:50'),
	(21779, 294, 1118, 'Doloremque et dolore ad illo.', '2023-03-22 01:43:50'),
	(21780, 292, 1139, 'Expedita cupiditate in hic voluptas non.', '2023-03-22 01:43:50'),
	(21781, 291, 1114, 'Sint tempora reiciendis eius velit est.', '2023-03-22 01:43:50'),
	(21782, 291, 1129, 'In ex dolorem ipsum modi et natus qui.', '2023-03-22 01:43:50'),
	(21783, 294, 1146, 'Rerum non eos numquam qui porro praesentium.', '2023-03-22 01:43:50'),
	(21784, 290, 1134, 'Ut aut exercitationem nam.', '2023-03-22 01:43:50'),
	(21785, 297, 1128, 'Ad vitae voluptatum labore et assumenda.', '2023-03-22 01:43:50'),
	(21786, 288, 1137, 'Modi rem eveniet eius ex ea.', '2023-03-22 01:43:50'),
	(21787, 295, 1131, 'Magni consequatur tenetur ipsa consequatur.', '2023-03-22 01:43:50'),
	(21788, 291, 1120, 'Delectus quia aut consectetur expedita.', '2023-03-22 01:43:50'),
	(21789, 289, 1107, 'Amet quibusdam nihil ipsum rerum aut est.', '2023-03-22 01:43:50'),
	(21790, 288, 1121, 'Eius dolorem voluptates ut sit et iusto.', '2023-03-22 01:43:50'),
	(21791, 291, 1143, 'Eum voluptatem perferendis et ut natus enim.', '2023-03-22 01:43:50'),
	(21792, 294, 1125, 'Quasi libero omnis necessitatibus quo quidem.', '2023-03-22 01:43:50'),
	(21793, 288, 1131, 'Quasi nobis aspernatur ipsa voluptas accusamus.', '2023-03-22 01:43:50'),
	(21794, 294, 1135, 'Quas officiis possimus blanditiis neque quidem.', '2023-03-22 01:43:50'),
	(21795, 294, 1147, 'Molestias aut sunt inventore tempore nihil velit.', '2023-03-22 01:43:50'),
	(21796, 293, 1132, 'Iure et dolor optio.', '2023-03-22 01:43:50'),
	(21797, 292, 1121, 'Nesciunt molestias dicta distinctio enim.', '2023-03-22 01:43:50'),
	(21798, 294, 1124, 'Reprehenderit odio occaecati autem hic ex.', '2023-03-22 01:43:50'),
	(21799, 296, 1130, 'Vel aliquid sit quam eum dolor qui sit.', '2023-03-22 01:43:50'),
	(21800, 295, 1139, 'Nobis quia aut cumque maiores ut.', '2023-03-22 01:43:50'),
	(21801, 294, 1126, 'Provident quidem non delectus ipsa culpa quos.', '2023-03-22 01:43:50'),
	(21802, 294, 1125, 'Quas et qui ipsam veritatis.', '2023-03-22 01:43:50'),
	(21803, 290, 1128, 'Aut odit nobis sapiente libero.', '2023-03-22 01:43:50'),
	(21804, 290, 1113, 'Sit possimus id hic voluptatem.', '2023-03-22 01:43:50'),
	(21805, 296, 1137, 'Adipisci perferendis et sed harum.', '2023-03-22 01:43:50'),
	(21806, 295, 1141, 'Molestiae in atque repellat.', '2023-03-22 01:43:50'),
	(21807, 296, 1139, 'Quis et dolore accusantium officiis.', '2023-03-22 01:43:50'),
	(21808, 290, 1118, 'Perferendis incidunt dolore ullam velit.', '2023-03-22 01:43:50'),
	(21809, 295, 1113, 'Autem deleniti accusantium non ea.', '2023-03-22 01:43:50'),
	(21810, 291, 1138, 'Et molestiae porro placeat accusantium.', '2023-03-22 01:43:50'),
	(21811, 292, 1134, 'Sequi non est laborum esse aspernatur ut.', '2023-03-22 01:43:50'),
	(21812, 292, 1138, 'Sunt illum consequatur expedita sint ut.', '2023-03-22 01:43:50'),
	(21813, 291, 1130, 'Enim tenetur dolores dignissimos et tempore.', '2023-03-22 01:43:50'),
	(21814, 294, 1142, 'Ea qui iure rerum.', '2023-03-22 01:43:50'),
	(21815, 288, 1126, 'Non voluptates est debitis.', '2023-03-22 01:43:50'),
	(21816, 291, 1123, 'Eaque aut quis sunt quod sed non enim.', '2023-03-22 01:43:50'),
	(21817, 288, 1123, 'Consequuntur omnis voluptas laboriosam.', '2023-03-22 01:43:50'),
	(21818, 289, 1119, 'Quam et dolores provident facilis et magnam.', '2023-03-22 01:43:50'),
	(21819, 295, 1122, 'Nulla ipsum sint natus labore eos et autem.', '2023-03-22 01:43:50'),
	(21820, 293, 1134, 'Est error et et ullam quaerat sit.', '2023-03-22 01:43:50'),
	(21821, 294, 1115, 'Expedita et quasi sed quis fugiat.', '2023-03-22 01:43:50'),
	(21822, 294, 1132, 'Aut sed placeat repellendus nihil.', '2023-03-22 01:43:50'),
	(21823, 293, 1133, 'Quia pariatur neque perferendis incidunt illo.', '2023-03-22 01:43:50'),
	(21824, 294, 1116, 'Voluptatem sapiente rerum atque modi ut sunt.', '2023-03-22 01:43:50'),
	(21825, 294, 1114, 'Voluptatem rerum enim quam molestiae est.', '2023-03-22 01:43:50'),
	(21826, 295, 1118, 'Qui voluptatem autem dignissimos.', '2023-03-22 01:43:50'),
	(21827, 295, 1107, 'Quia quos vel quidem aut ut qui laboriosam.', '2023-03-22 01:43:50'),
	(21828, 297, 1123, 'Quia quidem nesciunt et quis commodi beatae.', '2023-03-22 01:43:50'),
	(21829, 290, 1139, 'Molestiae rerum est in.', '2023-03-22 01:43:50'),
	(21830, 290, 1147, 'Aliquid laborum sequi numquam repellat.', '2023-03-22 01:43:50'),
	(21831, 293, 1123, 'Esse provident cum nobis qui et nihil.', '2023-03-22 01:43:50'),
	(21832, 290, 1109, 'Numquam deserunt animi quasi exercitationem.', '2023-03-22 01:43:50'),
	(21833, 291, 1146, 'Dolores omnis placeat doloremque officiis alias.', '2023-03-22 01:43:50'),
	(21834, 291, 1108, 'Eos ea dicta amet.', '2023-03-22 01:43:50'),
	(21835, 297, 1120, 'Quo voluptates deleniti omnis repellendus facere.', '2023-03-22 01:43:50'),
	(21836, 291, 1115, 'Accusamus laborum ut culpa autem.', '2023-03-22 01:43:50'),
	(21837, 292, 1137, 'Aut rerum voluptatum non quas.', '2023-03-22 01:43:50'),
	(21838, 297, 1108, 'Reprehenderit iste cumque cum facilis ut tenetur.', '2023-03-22 01:43:50'),
	(21839, 292, 1139, 'Quos natus numquam dolore ullam.', '2023-03-22 01:43:50'),
	(21840, 297, 1108, 'Ut rem doloremque iusto. Et aut molestias autem.', '2023-03-22 01:43:50'),
	(21841, 291, 1134, 'Qui alias quidem dolor aliquam odio qui possimus.', '2023-03-22 01:43:50'),
	(21842, 288, 1111, 'Eum et amet labore ad ipsum adipisci maiores.', '2023-03-22 01:43:50'),
	(21843, 295, 1122, 'Ullam qui assumenda magni.', '2023-03-22 01:43:50'),
	(21844, 296, 1127, 'Sed alias nulla pariatur.', '2023-03-22 01:43:50'),
	(21845, 296, 1117, 'Sed exercitationem quia impedit deserunt sunt.', '2023-03-22 01:43:50'),
	(21846, 292, 1143, 'Voluptatem tempore rerum molestiae.', '2023-03-22 01:43:50'),
	(21847, 294, 1149, 'Quas nisi optio est qui eveniet.', '2023-03-22 01:43:50'),
	(21848, 288, 1119, 'Et qui deleniti et et.', '2023-03-22 01:43:50'),
	(21849, 289, 1106, 'Quos quibusdam dolor dolorem aut voluptatem.', '2023-03-22 01:43:50'),
	(21850, 292, 1121, 'Doloremque minus sapiente velit ratione ab qui.', '2023-03-22 01:43:50'),
	(21851, 292, 1131, 'Qui error commodi ducimus omnis.', '2023-03-22 01:43:50'),
	(21852, 297, 1128, 'Natus et voluptatem maxime iusto natus.', '2023-03-22 01:43:50'),
	(21853, 293, 1107, 'Consectetur praesentium similique aut a maxime.', '2023-03-22 01:43:50'),
	(21854, 290, 1143, 'Sequi qui perferendis dignissimos.', '2023-03-22 01:43:50'),
	(21855, 296, 1138, 'Excepturi et non reprehenderit.', '2023-03-22 01:43:50'),
	(21856, 293, 1149, 'In minima eveniet non consectetur et ab dolore.', '2023-03-22 01:43:50'),
	(21857, 294, 1145, 'Consequatur repellendus a ad.', '2023-03-22 01:43:50'),
	(21858, 294, 1114, 'Et reiciendis illum optio dolores.', '2023-03-22 01:43:50'),
	(21859, 297, 1109, 'Maiores quasi autem deleniti aliquam molestiae.', '2023-03-22 01:43:50'),
	(21860, 296, 1127, 'Et corporis quia illo deleniti.', '2023-03-22 01:43:50'),
	(21861, 292, 1122, 'Omnis ut veritatis quod ducimus recusandae.', '2023-03-22 01:43:50'),
	(21862, 297, 1136, 'Itaque aut magni at impedit alias cumque est.', '2023-03-22 01:43:50'),
	(21863, 288, 1123, 'Et veritatis vel perspiciatis dolor ut.', '2023-03-22 01:43:50'),
	(21864, 296, 1141, 'Itaque eaque ut sed quas quis.', '2023-03-22 01:43:50'),
	(21865, 291, 1145, 'Aut autem rem totam accusamus nisi.', '2023-03-22 01:43:50'),
	(21866, 293, 1143, 'Labore ad fuga eligendi deserunt.', '2023-03-22 01:43:50'),
	(21867, 292, 1112, 'Et eius sint magni blanditiis culpa.', '2023-03-22 01:43:50'),
	(21868, 289, 1143, 'Ad libero sit ut minima sed.', '2023-03-22 01:43:50'),
	(21869, 288, 1113, 'Veritatis aut magnam enim praesentium deleniti.', '2023-03-22 01:43:50'),
	(21870, 293, 1148, 'Voluptate vero perferendis ea et laudantium.', '2023-03-22 01:43:50'),
	(21871, 297, 1144, 'Minus distinctio iure qui quia et qui.', '2023-03-22 01:43:50'),
	(21872, 297, 1133, 'Quis molestias quis eum ad aut.', '2023-03-22 01:43:50'),
	(21873, 294, 1127, 'Quis sunt dolorem est culpa quod quod sequi.', '2023-03-22 01:43:50'),
	(21874, 297, 1126, 'Porro cum sint ut reprehenderit.', '2023-03-22 01:43:50'),
	(21875, 291, 1118, 'Et et esse commodi sed reiciendis sit quia.', '2023-03-22 01:43:50'),
	(21876, 290, 1137, 'Iure dolores blanditiis aut magni praesentium.', '2023-03-22 01:43:50'),
	(21877, 296, 1116, 'Nulla et non iure eaque fugiat.', '2023-03-22 01:43:50'),
	(21878, 293, 1143, 'Non rerum veritatis ipsam aliquam.', '2023-03-22 01:43:50'),
	(21879, 297, 1121, 'Inventore sed animi ut doloribus dicta non.', '2023-03-22 01:43:50'),
	(21880, 293, 1121, 'Vero corrupti placeat dolorem.', '2023-03-22 01:43:50'),
	(21881, 295, 1116, 'Quibusdam sed id unde ex.', '2023-03-22 01:43:50'),
	(21882, 290, 1146, 'Minima commodi tempore eum quaerat cupiditate.', '2023-03-22 01:43:50'),
	(21883, 291, 1126, 'Fugiat expedita quis ea eos aliquam cumque.', '2023-03-22 01:43:50'),
	(21884, 293, 1137, 'Maiores facere eum earum.', '2023-03-22 01:43:50'),
	(21885, 291, 1131, 'Accusamus sit odit architecto eaque.', '2023-03-22 01:43:50'),
	(21886, 293, 1127, 'Aut nihil tenetur explicabo quasi omnis natus.', '2023-03-22 01:43:50'),
	(21887, 292, 1120, 'Minima quia aut nostrum harum.', '2023-03-22 01:43:50'),
	(21888, 297, 1124, 'Earum eos assumenda et voluptate.', '2023-03-22 01:43:50'),
	(21889, 295, 1121, 'Quis deleniti veniam labore qui qui id dicta.', '2023-03-22 01:43:50'),
	(21890, 295, 1122, 'Sunt porro vel nulla voluptas et perspiciatis.', '2023-03-22 01:43:50'),
	(21891, 292, 1105, 'Earum minus magni maiores magnam itaque dolores.', '2023-03-22 01:43:50'),
	(21892, 288, 1119, 'Reprehenderit neque debitis accusantium eum nemo.', '2023-03-22 01:43:50'),
	(21893, 295, 1115, 'Ut quia minima nisi corporis velit vero quod.', '2023-03-22 01:43:50'),
	(21894, 292, 1136, 'Non sunt voluptatibus corporis.', '2023-03-22 01:43:50'),
	(21895, 297, 1148, 'Qui ab consequatur impedit nisi neque.', '2023-03-22 01:43:50'),
	(21896, 292, 1141, 'Vero voluptatem quam debitis officiis quisquam.', '2023-03-22 01:43:50'),
	(21897, 296, 1121, 'Delectus in est eum qui voluptatem sit.', '2023-03-22 01:43:50'),
	(21898, 288, 1145, 'Autem et similique neque non a architecto.', '2023-03-22 01:43:50'),
	(21899, 289, 1142, 'Sit quam sed modi quam. Sint odio ad accusamus.', '2023-03-22 01:43:50'),
	(21900, 297, 1136, 'Atque qui nihil doloribus soluta cupiditate.', '2023-03-22 01:43:50'),
	(21901, 294, 1113, 'Deleniti dicta a repellendus ut et.', '2023-03-22 01:43:50'),
	(21902, 291, 1117, 'Corrupti nemo ad voluptates.', '2023-03-22 01:43:50'),
	(21903, 289, 1132, 'Deserunt voluptatibus et qui occaecati assumenda.', '2023-03-22 01:43:50'),
	(21904, 297, 1122, 'Nisi nemo officia ut sed excepturi.', '2023-03-22 01:43:50'),
	(21905, 293, 1123, 'Ipsa quo non est magni quam odio.', '2023-03-22 01:43:50'),
	(21906, 297, 1122, 'Ut nihil suscipit nisi magnam nam maiores et.', '2023-03-22 01:43:50'),
	(21907, 297, 1116, 'Quisquam quia iusto vel.', '2023-03-22 01:43:50'),
	(21908, 294, 1114, 'Magnam consequatur inventore omnis.', '2023-03-22 01:43:50'),
	(21909, 291, 1117, 'Harum vel quia modi sed maiores.', '2023-03-22 01:43:50'),
	(21910, 291, 1123, 'Est doloribus voluptates animi iste pariatur.', '2023-03-22 01:43:50'),
	(21911, 295, 1129, 'Veniam vitae nulla veritatis possimus beatae sed.', '2023-03-22 01:43:50'),
	(21912, 289, 1126, 'Dolore aut exercitationem dolor autem quas.', '2023-03-22 01:43:50'),
	(21913, 296, 1148, 'Aut perferendis unde quam recusandae et.', '2023-03-22 01:43:50'),
	(21914, 291, 1138, 'Et deserunt explicabo id suscipit ut nihil.', '2023-03-22 01:43:50'),
	(21915, 295, 1147, 'Et velit est ullam iure in a.', '2023-03-22 01:43:50'),
	(21916, 297, 1139, 'Aut quidem quod dolores placeat non dolorem.', '2023-03-22 01:43:50'),
	(21917, 288, 1143, 'Nihil totam ut est commodi.', '2023-03-22 01:43:50'),
	(21918, 293, 1146, 'In quod et laborum omnis soluta repellat nihil.', '2023-03-22 01:43:50'),
	(21919, 297, 1112, 'Non quod minima amet sed.', '2023-03-22 01:43:50'),
	(21920, 292, 1109, 'Eos voluptas mollitia quis veritatis rem dolorem.', '2023-03-22 01:43:50'),
	(21921, 288, 1125, 'Rerum fugit fuga dolorem itaque molestiae.', '2023-03-22 01:43:50'),
	(21922, 288, 1111, 'Nemo qui et est.', '2023-03-22 01:43:50'),
	(21923, 294, 1107, 'Nostrum omnis enim voluptatem quae nam quibusdam.', '2023-03-22 01:43:50'),
	(21924, 288, 1144, 'Molestiae ullam non consequuntur et.', '2023-03-22 01:43:50'),
	(21925, 289, 1132, 'Ea et facilis ab ea est et.', '2023-03-22 01:43:50'),
	(21926, 297, 1142, 'Esse quaerat dolore repellat.', '2023-03-22 01:43:50'),
	(21927, 296, 1145, 'Veniam quia ut itaque veritatis.', '2023-03-22 01:43:50'),
	(21928, 295, 1135, 'Aliquid cupiditate hic eos et sit.', '2023-03-22 01:43:50'),
	(21929, 290, 1117, 'In excepturi et et ut dicta.', '2023-03-22 01:43:50'),
	(21930, 294, 1127, 'Et laborum impedit accusamus.', '2023-03-22 01:43:50'),
	(21931, 291, 1125, 'Repudiandae est magni sequi sit iusto.', '2023-03-22 01:43:50'),
	(21932, 288, 1108, 'Cum sit est deleniti at culpa reprehenderit.', '2023-03-22 01:43:50'),
	(21933, 288, 1117, 'Repudiandae ut ipsa rem ex.', '2023-03-22 01:43:50'),
	(21934, 297, 1143, 'Ad sit quibusdam accusamus sint.', '2023-03-22 01:43:50'),
	(21935, 289, 1136, 'Dicta possimus aut sed.', '2023-03-22 01:43:50'),
	(21936, 294, 1136, 'Adipisci est labore iste deserunt.', '2023-03-22 01:43:50'),
	(21937, 294, 1134, 'Pariatur fugit et atque maxime nesciunt nihil.', '2023-03-22 01:43:50'),
	(21938, 295, 1111, 'Est nam reiciendis est qui necessitatibus.', '2023-03-22 01:43:50'),
	(21939, 293, 1137, 'Explicabo porro veritatis qui quisquam voluptas.', '2023-03-22 01:43:50'),
	(21940, 291, 1144, 'Explicabo fuga laudantium in.', '2023-03-22 01:43:50'),
	(21941, 292, 1117, 'Et quo distinctio nemo et praesentium minus quos.', '2023-03-22 01:43:50'),
	(21942, 297, 1106, 'Quis at velit beatae et maxime qui.', '2023-03-22 01:43:50'),
	(21943, 291, 1121, 'Vitae dolor et quo incidunt.', '2023-03-22 01:43:50'),
	(21944, 297, 1149, 'Aut mollitia rerum est vero.', '2023-03-22 01:43:50'),
	(21945, 295, 1147, 'Dicta nemo quo atque adipisci tempora a est enim.', '2023-03-22 01:43:50'),
	(21946, 288, 1133, 'Sit nostrum est rem est.', '2023-03-22 01:43:50'),
	(21947, 297, 1138, 'Minima officia quia quisquam nemo.', '2023-03-22 01:43:50'),
	(21948, 291, 1121, 'Quidem inventore vero est.', '2023-03-22 01:43:50'),
	(21949, 290, 1119, 'Ducimus quia quo itaque fuga sed.', '2023-03-22 01:43:50'),
	(21950, 293, 1118, 'Temporibus fuga eum adipisci minima odio aperiam.', '2023-03-22 01:43:50'),
	(21951, 291, 1115, 'Aperiam ipsa rem explicabo fugit.', '2023-03-22 01:43:50'),
	(21952, 289, 1116, 'Dolorem sit aliquid eos ad.', '2023-03-22 01:43:50'),
	(21953, 293, 1117, 'Illum quo et magnam expedita adipisci.', '2023-03-22 01:43:50'),
	(21954, 294, 1115, 'Quod qui quo ut vero corporis ut.', '2023-03-22 01:43:50'),
	(21955, 296, 1110, 'Natus eos sit fugit soluta.', '2023-03-22 01:43:50'),
	(21956, 297, 1127, 'Omnis suscipit et qui commodi perferendis.', '2023-03-22 01:43:50'),
	(21957, 295, 1143, 'Aliquid velit et ut incidunt aut quo sed.', '2023-03-22 01:43:50'),
	(21958, 295, 1136, 'Atque nostrum sed ullam esse ad.', '2023-03-22 01:43:50'),
	(21959, 291, 1118, 'Non iste et perspiciatis.', '2023-03-22 01:43:50'),
	(21960, 288, 1137, 'Non sit veniam assumenda praesentium a molestias.', '2023-03-22 01:43:50'),
	(21961, 291, 1133, 'Dolores et facere eius harum eum.', '2023-03-22 01:43:50'),
	(21962, 290, 1147, 'Eius incidunt aut sunt nobis.', '2023-03-22 01:43:50'),
	(21963, 291, 1125, 'Ea ratione inventore nisi veniam.', '2023-03-22 01:43:50'),
	(21964, 294, 1130, 'Quis aut inventore aspernatur quibusdam quos.', '2023-03-22 01:43:50'),
	(21965, 297, 1138, 'Veritatis vitae mollitia et aperiam modi cum.', '2023-03-22 01:43:50'),
	(21966, 297, 1139, 'Dolore voluptatem iure enim possimus.', '2023-03-22 01:43:50'),
	(21967, 289, 1118, 'Ab et rerum unde autem reiciendis.', '2023-03-22 01:43:50'),
	(21968, 288, 1137, 'Veritatis consequatur quae quod asperiores ad.', '2023-03-22 01:43:50'),
	(21969, 294, 1129, 'Illo deserunt placeat cupiditate omnis qui.', '2023-03-22 01:43:50'),
	(21970, 297, 1111, 'Eum sequi ducimus nihil quaerat.', '2023-03-22 01:43:50'),
	(21971, 289, 1106, 'Maxime incidunt facere natus et ex.', '2023-03-22 01:43:50'),
	(21972, 294, 1126, 'Enim pariatur veritatis consequatur nam sed nisi.', '2023-03-22 01:43:50'),
	(21973, 297, 1137, 'Et recusandae at dolor et dolores porro nulla.', '2023-03-22 01:43:50'),
	(21974, 288, 1125, 'Ut unde ex et.', '2023-03-22 01:43:50'),
	(21975, 296, 1148, 'Dolore voluptas quia et.', '2023-03-22 01:43:50'),
	(21976, 296, 1123, 'Quisquam et accusamus et sed ut.', '2023-03-22 01:43:50'),
	(21977, 297, 1118, 'Blanditiis sed iste fuga aut quia aut.', '2023-03-22 01:43:50'),
	(21978, 292, 1147, 'Eveniet soluta quidem nemo eveniet qui et.', '2023-03-22 01:43:50'),
	(21979, 293, 1124, 'Quasi perspiciatis vel facere voluptatibus.', '2023-03-22 01:43:50'),
	(21980, 290, 1109, 'Iste aut rem quasi similique.', '2023-03-22 01:43:50'),
	(21981, 296, 1141, 'Ab hic asperiores illo quibusdam ipsum aut culpa.', '2023-03-22 01:43:50'),
	(21982, 288, 1143, 'Magni quisquam dolor cumque aut nemo.', '2023-03-22 01:43:50'),
	(21983, 289, 1126, 'Rerum est voluptas numquam magni ut.', '2023-03-22 01:43:50'),
	(21984, 292, 1108, 'Esse et et sapiente ut.', '2023-03-22 01:43:50'),
	(21985, 293, 1126, 'Officiis perspiciatis quas ut beatae nam ut.', '2023-03-22 01:43:50'),
	(21986, 289, 1105, 'Inventore et facilis qui nisi aperiam aut.', '2023-03-22 01:43:50'),
	(21987, 293, 1105, 'Et autem molestiae dolores beatae qui porro.', '2023-03-22 01:43:50'),
	(21988, 293, 1124, 'Quibusdam qui itaque dolorem.', '2023-03-22 01:43:50'),
	(21989, 293, 1105, 'Quae rerum sunt odit.', '2023-03-22 01:43:50'),
	(21990, 293, 1105, 'Sapiente veniam rerum velit at id.', '2023-03-22 01:43:50'),
	(21991, 293, 1117, 'Quibusdam nisi voluptatum unde dolores.', '2023-03-22 01:43:50'),
	(21992, 296, 1136, 'Sequi accusantium inventore et ut distinctio.', '2023-03-22 01:43:50'),
	(21993, 290, 1116, 'Beatae quae dolor laudantium consequuntur.', '2023-03-22 01:43:50'),
	(21994, 289, 1117, 'Qui eos eligendi porro et repudiandae ullam.', '2023-03-22 01:43:50'),
	(21995, 291, 1127, 'Et modi et porro vitae minima doloribus.', '2023-03-22 01:43:50'),
	(21996, 295, 1140, 'Nulla et nostrum nulla dolorem sed sunt et.', '2023-03-22 01:43:50'),
	(21997, 290, 1146, 'Enim ab quaerat sed perspiciatis dolor.', '2023-03-22 01:43:50'),
	(21998, 293, 1146, 'Corporis laborum nesciunt recusandae.', '2023-03-22 01:43:50'),
	(21999, 296, 1121, 'Dignissimos suscipit iusto molestias quas.', '2023-03-22 01:43:50'),
	(22000, 295, 1139, 'Perferendis beatae saepe qui velit veniam sint.', '2023-03-22 01:43:50'),
	(22001, 288, 1116, 'Error perferendis velit est aut voluptatem quas.', '2023-03-22 01:43:50'),
	(22002, 293, 1113, 'Illo porro mollitia vel.', '2023-03-22 01:43:50'),
	(22003, 291, 1147, 'Nobis voluptatum sed a quo enim.', '2023-03-22 01:43:50'),
	(22004, 291, 1115, 'Ipsum a dolore est ut voluptas.', '2023-03-22 01:43:50'),
	(22005, 295, 1124, 'Harum atque iste maiores vel enim rerum.', '2023-03-22 01:43:50'),
	(22006, 292, 1127, 'Sit non excepturi deserunt enim.', '2023-03-22 01:43:50'),
	(22007, 288, 1126, 'Omnis sed reprehenderit eos est quam.', '2023-03-22 01:43:50'),
	(22008, 293, 1110, 'Nam laudantium ipsum earum quam hic iure fugit.', '2023-03-22 01:43:50'),
	(22009, 293, 1140, 'Aut iure enim non.', '2023-03-22 01:43:50');
/*!40000 ALTER TABLE `comment` ENABLE KEYS */;

-- Dumping structure for table snowtricks.doctrine_migration_versions
CREATE TABLE IF NOT EXISTS `doctrine_migration_versions` (
  `version` varchar(191) COLLATE utf8mb3_unicode_ci NOT NULL,
  `executed_at` datetime DEFAULT NULL,
  `execution_time` int DEFAULT NULL,
  PRIMARY KEY (`version`)
) ENGINE=InnoDB DEFAULT CHARSET=utf8mb3 COLLATE=utf8mb3_unicode_ci;

-- Dumping data for table snowtricks.doctrine_migration_versions: ~1 rows (approximately)
DELETE FROM `doctrine_migration_versions`;
/*!40000 ALTER TABLE `doctrine_migration_versions` DISABLE KEYS */;
/*!40000 ALTER TABLE `doctrine_migration_versions` ENABLE KEYS */;

-- Dumping structure for table snowtricks.messenger_messages
CREATE TABLE IF NOT EXISTS `messenger_messages` (
  `id` bigint NOT NULL AUTO_INCREMENT,
  `body` longtext COLLATE utf8mb4_unicode_ci NOT NULL,
  `headers` longtext COLLATE utf8mb4_unicode_ci NOT NULL,
  `queue_name` varchar(190) COLLATE utf8mb4_unicode_ci NOT NULL,
  `created_at` datetime NOT NULL,
  `available_at` datetime NOT NULL,
  `delivered_at` datetime DEFAULT NULL,
  PRIMARY KEY (`id`),
  KEY `IDX_75EA56E0FB7336F0` (`queue_name`),
  KEY `IDX_75EA56E0E3BD61CE` (`available_at`),
  KEY `IDX_75EA56E016BA31DB` (`delivered_at`)
) ENGINE=InnoDB AUTO_INCREMENT=2 DEFAULT CHARSET=utf8mb4 COLLATE=utf8mb4_unicode_ci;

-- Dumping data for table snowtricks.messenger_messages: ~0 rows (approximately)
DELETE FROM `messenger_messages`;
/*!40000 ALTER TABLE `messenger_messages` DISABLE KEYS */;
INSERT INTO `messenger_messages` (`id`, `body`, `headers`, `queue_name`, `created_at`, `available_at`, `delivered_at`) VALUES
	(1, 'O:36:\\"Symfony\\\\Component\\\\Messenger\\\\Envelope\\":2:{s:44:\\"\\0Symfony\\\\Component\\\\Messenger\\\\Envelope\\0stamps\\";a:1:{s:46:\\"Symfony\\\\Component\\\\Messenger\\\\Stamp\\\\BusNameStamp\\";a:1:{i:0;O:46:\\"Symfony\\\\Component\\\\Messenger\\\\Stamp\\\\BusNameStamp\\":1:{s:55:\\"\\0Symfony\\\\Component\\\\Messenger\\\\Stamp\\\\BusNameStamp\\0busName\\";s:21:\\"messenger.bus.default\\";}}}s:45:\\"\\0Symfony\\\\Component\\\\Messenger\\\\Envelope\\0message\\";O:51:\\"Symfony\\\\Component\\\\Mailer\\\\Messenger\\\\SendEmailMessage\\":2:{s:60:\\"\\0Symfony\\\\Component\\\\Mailer\\\\Messenger\\\\SendEmailMessage\\0message\\";O:39:\\"Symfony\\\\Bridge\\\\Twig\\\\Mime\\\\TemplatedEmail\\":4:{i:0;s:25:\\"emails/register.html.twig\\";i:1;N;i:2;a:1:{s:4:\\"user\\";O:16:\\"App\\\\Entity\\\\Users\\":10:{s:20:\\"\\0App\\\\Entity\\\\Users\\0id\\";i:16;s:26:\\"\\0App\\\\Entity\\\\Users\\0username\\";s:4:\\"tes4\\";s:23:\\"\\0App\\\\Entity\\\\Users\\0roles\\";a:0:{}s:26:\\"\\0App\\\\Entity\\\\Users\\0password\\";s:60:\\"$2y$13$mUvykQdL4e90tMeK8ZWTEurF0REXP/R1tPiNc7M9iz5DDfCOg4yEm\\";s:23:\\"\\0App\\\\Entity\\\\Users\\0email\\";s:14:\\"test@emai4.com\\";s:33:\\"\\0App\\\\Entity\\\\Users\\0profile_picture\\";s:14:\\"01-Default.jpg\\";s:29:\\"\\0App\\\\Entity\\\\Users\\0is_verified\\";b:0;s:28:\\"\\0App\\\\Entity\\\\Users\\0created_at\\";O:17:\\"DateTimeImmutable\\":3:{s:4:\\"date\\";s:26:\\"2023-01-03 16:10:59.199091\\";s:13:\\"timezone_type\\";i:3;s:8:\\"timezone\\";s:13:\\"Europe/Berlin\\";}s:24:\\"\\0App\\\\Entity\\\\Users\\0tricks\\";O:33:\\"Doctrine\\\\ORM\\\\PersistentCollection\\":2:{s:13:\\"\\0*\\0collection\\";O:43:\\"Doctrine\\\\Common\\\\Collections\\\\ArrayCollection\\":1:{s:53:\\"\\0Doctrine\\\\Common\\\\Collections\\\\ArrayCollection\\0elements\\";a:0:{}}s:14:\\"\\0*\\0initialized\\";b:1;}s:26:\\"\\0App\\\\Entity\\\\Users\\0comments\\";O:33:\\"Doctrine\\\\ORM\\\\PersistentCollection\\":2:{s:13:\\"\\0*\\0collection\\";O:43:\\"Doctrine\\\\Common\\\\Collections\\\\ArrayCollection\\":1:{s:53:\\"\\0Doctrine\\\\Common\\\\Collections\\\\ArrayCollection\\0elements\\";a:0:{}}s:14:\\"\\0*\\0initialized\\";b:1;}}}i:3;a:6:{i:0;N;i:1;N;i:2;N;i:3;N;i:4;a:0:{}i:5;a:2:{i:0;O:37:\\"Symfony\\\\Component\\\\Mime\\\\Header\\\\Headers\\":2:{s:46:\\"\\0Symfony\\\\Component\\\\Mime\\\\Header\\\\Headers\\0headers\\";a:3:{s:4:\\"from\\";a:1:{i:0;O:47:\\"Symfony\\\\Component\\\\Mime\\\\Header\\\\MailboxListHeader\\":5:{s:50:\\"\\0Symfony\\\\Component\\\\Mime\\\\Header\\\\AbstractHeader\\0name\\";s:4:\\"From\\";s:56:\\"\\0Symfony\\\\Component\\\\Mime\\\\Header\\\\AbstractHeader\\0lineLength\\";i:76;s:50:\\"\\0Symfony\\\\Component\\\\Mime\\\\Header\\\\AbstractHeader\\0lang\\";N;s:53:\\"\\0Symfony\\\\Component\\\\Mime\\\\Header\\\\AbstractHeader\\0charset\\";s:5:\\"utf-8\\";s:58:\\"\\0Symfony\\\\Component\\\\Mime\\\\Header\\\\MailboxListHeader\\0addresses\\";a:1:{i:0;O:30:\\"Symfony\\\\Component\\\\Mime\\\\Address\\":2:{s:39:\\"\\0Symfony\\\\Component\\\\Mime\\\\Address\\0address\\";s:23:\\"no-reply@snowtricks.com\\";s:36:\\"\\0Symfony\\\\Component\\\\Mime\\\\Address\\0name\\";s:0:\\"\\";}}}}s:2:\\"to\\";a:1:{i:0;O:47:\\"Symfony\\\\Component\\\\Mime\\\\Header\\\\MailboxListHeader\\":5:{s:50:\\"\\0Symfony\\\\Component\\\\Mime\\\\Header\\\\AbstractHeader\\0name\\";s:2:\\"To\\";s:56:\\"\\0Symfony\\\\Component\\\\Mime\\\\Header\\\\AbstractHeader\\0lineLength\\";i:76;s:50:\\"\\0Symfony\\\\Component\\\\Mime\\\\Header\\\\AbstractHeader\\0lang\\";N;s:53:\\"\\0Symfony\\\\Component\\\\Mime\\\\Header\\\\AbstractHeader\\0charset\\";s:5:\\"utf-8\\";s:58:\\"\\0Symfony\\\\Component\\\\Mime\\\\Header\\\\MailboxListHeader\\0addresses\\";a:1:{i:0;O:30:\\"Symfony\\\\Component\\\\Mime\\\\Address\\":2:{s:39:\\"\\0Symfony\\\\Component\\\\Mime\\\\Address\\0address\\";s:14:\\"test@emai4.com\\";s:36:\\"\\0Symfony\\\\Component\\\\Mime\\\\Address\\0name\\";s:0:\\"\\";}}}}s:7:\\"subject\\";a:1:{i:0;O:48:\\"Symfony\\\\Component\\\\Mime\\\\Header\\\\UnstructuredHeader\\":5:{s:50:\\"\\0Symfony\\\\Component\\\\Mime\\\\Header\\\\AbstractHeader\\0name\\";s:7:\\"Subject\\";s:56:\\"\\0Symfony\\\\Component\\\\Mime\\\\Header\\\\AbstractHeader\\0lineLength\\";i:76;s:50:\\"\\0Symfony\\\\Component\\\\Mime\\\\Header\\\\AbstractHeader\\0lang\\";N;s:53:\\"\\0Symfony\\\\Component\\\\Mime\\\\Header\\\\AbstractHeader\\0charset\\";s:5:\\"utf-8\\";s:55:\\"\\0Symfony\\\\Component\\\\Mime\\\\Header\\\\UnstructuredHeader\\0value\\";s:37:\\"Activation de votre compte Snowtricks\\";}}}s:49:\\"\\0Symfony\\\\Component\\\\Mime\\\\Header\\\\Headers\\0lineLength\\";i:76;}i:1;N;}}}s:61:\\"\\0Symfony\\\\Component\\\\Mailer\\\\Messenger\\\\SendEmailMessage\\0envelope\\";N;}}', '[]', 'default', '2023-01-03 16:10:59', '2023-01-03 16:10:59', NULL);
/*!40000 ALTER TABLE `messenger_messages` ENABLE KEYS */;

-- Dumping structure for table snowtricks.trick
CREATE TABLE IF NOT EXISTS `trick` (
  `id` int NOT NULL AUTO_INCREMENT,
  `category_id` int NOT NULL,
  `author_id` int NOT NULL,
  `title` varchar(255) COLLATE utf8mb4_unicode_ci NOT NULL,
  `slug` varchar(255) COLLATE utf8mb4_unicode_ci NOT NULL,
  `description` varchar(3000) COLLATE utf8mb4_unicode_ci NOT NULL,
  `created_at` datetime NOT NULL DEFAULT CURRENT_TIMESTAMP COMMENT '(DC2Type:datetime_immutable)',
  `updated_at` datetime NOT NULL DEFAULT CURRENT_TIMESTAMP COMMENT '(DC2Type:datetime_immutable)',
  `updated_by_id` int DEFAULT NULL,
  PRIMARY KEY (`id`),
  UNIQUE KEY `UNIQ_D8F0A91E2B36786B` (`title`),
  UNIQUE KEY `UNIQ_D8F0A91E989D9B62` (`slug`),
  KEY `IDX_D8F0A91E12469DE2` (`category_id`),
  KEY `IDX_D8F0A91EF675F31B` (`author_id`),
  CONSTRAINT `FK_D8F0A91E12469DE2` FOREIGN KEY (`category_id`) REFERENCES `trick_category` (`id`),
  CONSTRAINT `FK_D8F0A91EF675F31B` FOREIGN KEY (`author_id`) REFERENCES `user` (`id`)
) ENGINE=InnoDB AUTO_INCREMENT=1150 DEFAULT CHARSET=utf8mb4 COLLATE=utf8mb4_unicode_ci;

-- Dumping data for table snowtricks.trick: ~45 rows (approximately)
DELETE FROM `trick`;
/*!40000 ALTER TABLE `trick` DISABLE KEYS */;
INSERT INTO `trick` (`id`, `category_id`, `author_id`, `title`, `slug`, `description`, `created_at`, `updated_at`, `updated_by_id`) VALUES
	(1105, 101, 292, 'Stalefish', 'stalefish', 'Saisie de la carre backside de la planche entre les deux pieds avec la main arrire. Un grab consiste  attraper la planche avec la main pendant le saut. Un grab est d\'autant plus russi que la saisie est longue. De plus, le saut est d\'autant plus esthtique que la saisie du snowboard est franche, ce qui permet au rideur d\'accentuer la torsion de son corps grce  la tension de sa main sur la planche. On dit alors que le grab est tweak (le verbe anglais to tweak signifie  pincer  mais a galement le sens de  peaufiner ', '2023-03-22 01:43:50', '2023-03-22 01:43:50', NULL),
	(1106, 101, 288, 'Tail grab', 'tail-grab', 'Saisie de la partie arrire de la planche, avec la main arrire. Un grab consiste  attraper la planche avec la main pendant le saut. Un grab est d\'autant plus russi que la saisie est longue. De plus, le saut est d\'autant plus esthtique que la saisie du snowboard est franche, ce qui permet au rideur d\'accentuer la torsion de son corps grce  la tension de sa main sur la planche. On dit alors que le grab est tweak (le verbe anglais to tweak signifie  pincer  mais a galement le sens de  peaufiner ).', '2023-03-22 01:43:50', '2023-03-22 01:43:50', NULL),
	(1107, 101, 296, 'Truck driver', 'truck-driver', 'Saisie du carre avant et carre arrire avec chaque main (comme tenir un volant de voiture). Un grab consiste  attraper la planche avec la main pendant le saut. Un grab est d\'autant plus russi que la saisie est longue. De plus, le saut est d\'autant plus esthtique que la saisie du snowboard est franche, ce qui permet au rideur d\'accentuer la torsion de son corps grce  la tension de sa main sur la planche. On dit alors que le grab est tweak (le verbe anglais to tweak signifie  pincer  mais a galement le sens de  peaufiner ).', '2023-03-22 01:43:50', '2023-03-22 01:43:50', NULL),
	(1108, 101, 288, 'Indy', 'indy', 'Saisie de la carre frontside de la planche, entre les deux pieds, avec la main arrire. Un grab consiste  attraper la planche avec la main pendant le saut. Un grab est d\'autant plus russi que la saisie est longue. De plus, le saut est d\'autant plus esthtique que la saisie du snowboard est franche, ce qui permet au rideur d\'accentuer la torsion de son corps grce  la tension de sa main sur la planche. On dit alors que le grab est tweak (le verbe anglais to tweak signifie  pincer  mais a galement le sens de  peaufiner ', '2023-03-22 01:43:50', '2023-03-22 01:43:50', NULL),
	(1109, 101, 288, 'Mute', 'mute', 'Saisie de la carre frontside de la planche entre les deux pieds avec la main avant. Un grab consiste  attraper la planche avec la main pendant le saut. Un grab est d\'autant plus russi que la saisie est longue. De plus, le saut est d\'autant plus esthtique que la saisie du snowboard est franche, ce qui permet au rideur d\'accentuer la torsion de son corps grce  la tension de sa main sur la planche. On dit alors que le grab est tweak (le verbe anglais to tweak signifie  pincer  mais a galement le sens de  peaufiner ', '2023-03-22 01:43:50', '2023-03-22 01:43:50', NULL),
	(1110, 101, 290, 'Nose grab', 'nose-grab', 'Saisie de la partie avant de la planche, avec la main avant. Un grab consiste  attraper la planche avec la main pendant le saut. Un grab est d\'autant plus russi que la saisie est longue. De plus, le saut est d\'autant plus esthtique que la saisie du snowboard est franche, ce qui permet au rideur d\'accentuer la torsion de son corps grce  la tension de sa main sur la planche. On dit alors que le grab est tweak (le verbe anglais to tweak signifie  pincer  mais a galement le sens de  peaufiner ).', '2023-03-22 01:43:50', '2023-03-22 01:43:50', NULL),
	(1111, 102, 296, '360 ou trois six', '360-ou-trois-six', 'Un tour complet, soit 360 degrs. On dsigne par le mot  rotation  uniquement des rotations horizontales ; les rotations verticales sont des flips. Le principe est d\'effectuer une rotation horizontale pendant le saut, puis d\'attrir en position switch ou normal. Une rotation peut tre agrmente d\'un grab, ce qui rend le saut plus esthtique mais aussi plus difficile car la position tweake a tendance  dsquilibrer le rideur et dsaxer la rotation. De plus, le sens de la rotation a tendance  favoriser un sens de grab plutt qu\'un autre.', '2023-03-22 01:43:50', '2023-03-22 01:43:50', NULL),
	(1112, 102, 294, '1080 ou big foot ', '1080-ou-big-foot', 'Trois tours complet, soit 1080 degrs. On dsigne par le mot  rotation  uniquement des rotations horizontales ; les rotations verticales sont des flips. Le principe est d\'effectuer une rotation horizontale pendant le saut, puis d\'attrir en position switch ou normal. Une rotation peut tre agrmente d\'un grab, ce qui rend le saut plus esthtique mais aussi plus difficile car la position tweake a tendance  dsquilibrer le rideur et dsaxer la rotation. De plus, le sens de la rotation a tendance  favoriser un sens de grab plutt qu\'un autre.', '2023-03-22 01:43:50', '2023-03-22 01:43:50', NULL),
	(1113, 103, 293, 'Front flip', 'front-flip', 'Un flip est une rotation verticale. On distingue les front flips, rotations en avant, et les back flips, rotations en arrire. Il est possible de faire plusieurs flips  la suite, et d\'ajouter un grab  la rotation. Les flips agrments d\'une vrille existent aussi (Mac Twist, Hakon Flip...), mais de manire beaucoup plus rare, et se confondent souvent avec certaines rotations horizontales dsaxes. Nanmoins, en dpit de la difficult technique relative d\'une telle figure, le danger de retomber sur la tte ou la nuque est rel et conduit certaines stations de ski  interdire de telles figures dans ses snowparks..', '2023-03-22 01:43:50', '2023-03-22 01:43:50', NULL),
	(1114, 103, 295, 'Back flip', 'back-flip', 'Un flip est une rotation verticale. On distingue les front flips, rotations en avant, et les back flips, rotations en arrire. Il est possible de faire plusieurs flips  la suite, et d\'ajouter un grab  la rotation. Les flips agrments d\'une vrille existent aussi (Mac Twist, Hakon Flip...), mais de manire beaucoup plus rare, et se confondent souvent avec certaines rotations horizontales dsaxes. Nanmoins, en dpit de la difficult technique relative d\'une telle figure, le danger de retomber sur la tte ou la nuque est rel et conduit certaines stations de ski  interdire de telles figures dans ses snowparks..', '2023-03-22 01:43:50', '2023-03-22 01:43:50', NULL),
	(1115, 104, 291, 'Trick de test n1', 'trick-de-test-n01', 'Lorem Ipsum is simply dummy text of the printing and typesetting industry. Lorem Ipsum has been the industry\'s standard dummy text ever since the 1500s, when an unknown printer took a galley of type and scrambled it to make a type specimen book. It has survived not only five centuries, but also the leap into electronic typesetting, remaining essentially unchanged. It was popularised in the 1960s with the release of Letraset sheets containing Lorem Ipsum passages, and more recently with desktop publishing software like Aldus PageMaker including versions of Lorem Ipsum.', '2023-03-22 01:43:50', '2023-03-22 01:43:50', NULL),
	(1116, 103, 291, 'Trick de test n2', 'trick-de-test-n02', 'Lorem Ipsum is simply dummy text of the printing and typesetting industry. Lorem Ipsum has been the industry\'s standard dummy text ever since the 1500s, when an unknown printer took a galley of type and scrambled it to make a type specimen book. It has survived not only five centuries, but also the leap into electronic typesetting, remaining essentially unchanged. It was popularised in the 1960s with the release of Letraset sheets containing Lorem Ipsum passages, and more recently with desktop publishing software like Aldus PageMaker including versions of Lorem Ipsum.', '2023-03-22 01:43:50', '2023-03-22 01:43:50', NULL),
	(1117, 104, 297, 'Trick de test n3', 'trick-de-test-n03', 'Lorem Ipsum is simply dummy text of the printing and typesetting industry. Lorem Ipsum has been the industry\'s standard dummy text ever since the 1500s, when an unknown printer took a galley of type and scrambled it to make a type specimen book. It has survived not only five centuries, but also the leap into electronic typesetting, remaining essentially unchanged. It was popularised in the 1960s with the release of Letraset sheets containing Lorem Ipsum passages, and more recently with desktop publishing software like Aldus PageMaker including versions of Lorem Ipsum.', '2023-03-22 01:43:50', '2023-03-22 01:43:50', NULL),
	(1118, 101, 292, 'Trick de test n4', 'trick-de-test-n04', 'Lorem Ipsum is simply dummy text of the printing and typesetting industry. Lorem Ipsum has been the industry\'s standard dummy text ever since the 1500s, when an unknown printer took a galley of type and scrambled it to make a type specimen book. It has survived not only five centuries, but also the leap into electronic typesetting, remaining essentially unchanged. It was popularised in the 1960s with the release of Letraset sheets containing Lorem Ipsum passages, and more recently with desktop publishing software like Aldus PageMaker including versions of Lorem Ipsum.', '2023-03-22 01:43:50', '2023-03-22 01:43:50', NULL),
	(1119, 104, 289, 'Trick de test n5', 'trick-de-test-n05', 'Lorem Ipsum is simply dummy text of the printing and typesetting industry. Lorem Ipsum has been the industry\'s standard dummy text ever since the 1500s, when an unknown printer took a galley of type and scrambled it to make a type specimen book. It has survived not only five centuries, but also the leap into electronic typesetting, remaining essentially unchanged. It was popularised in the 1960s with the release of Letraset sheets containing Lorem Ipsum passages, and more recently with desktop publishing software like Aldus PageMaker including versions of Lorem Ipsum.', '2023-03-22 01:43:50', '2023-03-22 01:43:50', NULL),
	(1120, 101, 290, 'Trick de test n6', 'trick-de-test-n06', 'Lorem Ipsum is simply dummy text of the printing and typesetting industry. Lorem Ipsum has been the industry\'s standard dummy text ever since the 1500s, when an unknown printer took a galley of type and scrambled it to make a type specimen book. It has survived not only five centuries, but also the leap into electronic typesetting, remaining essentially unchanged. It was popularised in the 1960s with the release of Letraset sheets containing Lorem Ipsum passages, and more recently with desktop publishing software like Aldus PageMaker including versions of Lorem Ipsum.', '2023-03-22 01:43:50', '2023-03-22 01:43:50', NULL),
	(1121, 103, 292, 'Trick de test n7', 'trick-de-test-n07', 'Lorem Ipsum is simply dummy text of the printing and typesetting industry. Lorem Ipsum has been the industry\'s standard dummy text ever since the 1500s, when an unknown printer took a galley of type and scrambled it to make a type specimen book. It has survived not only five centuries, but also the leap into electronic typesetting, remaining essentially unchanged. It was popularised in the 1960s with the release of Letraset sheets containing Lorem Ipsum passages, and more recently with desktop publishing software like Aldus PageMaker including versions of Lorem Ipsum.', '2023-03-22 01:43:50', '2023-03-22 01:43:50', NULL),
	(1122, 103, 295, 'Trick de test n8', 'trick-de-test-n08', 'Lorem Ipsum is simply dummy text of the printing and typesetting industry. Lorem Ipsum has been the industry\'s standard dummy text ever since the 1500s, when an unknown printer took a galley of type and scrambled it to make a type specimen book. It has survived not only five centuries, but also the leap into electronic typesetting, remaining essentially unchanged. It was popularised in the 1960s with the release of Letraset sheets containing Lorem Ipsum passages, and more recently with desktop publishing software like Aldus PageMaker including versions of Lorem Ipsum.', '2023-03-22 01:43:50', '2023-03-22 01:43:50', NULL),
	(1123, 102, 288, 'Trick de test n9', 'trick-de-test-n09', 'Lorem Ipsum is simply dummy text of the printing and typesetting industry. Lorem Ipsum has been the industry\'s standard dummy text ever since the 1500s, when an unknown printer took a galley of type and scrambled it to make a type specimen book. It has survived not only five centuries, but also the leap into electronic typesetting, remaining essentially unchanged. It was popularised in the 1960s with the release of Letraset sheets containing Lorem Ipsum passages, and more recently with desktop publishing software like Aldus PageMaker including versions of Lorem Ipsum.', '2023-03-22 01:43:50', '2023-03-22 01:43:50', NULL),
	(1124, 104, 290, 'Trick de test n10', 'trick-de-test-n010', 'Lorem Ipsum is simply dummy text of the printing and typesetting industry. Lorem Ipsum has been the industry\'s standard dummy text ever since the 1500s, when an unknown printer took a galley of type and scrambled it to make a type specimen book. It has survived not only five centuries, but also the leap into electronic typesetting, remaining essentially unchanged. It was popularised in the 1960s with the release of Letraset sheets containing Lorem Ipsum passages, and more recently with desktop publishing software like Aldus PageMaker including versions of Lorem Ipsum.', '2023-03-22 01:43:50', '2023-03-22 01:43:50', NULL),
	(1125, 103, 297, 'Trick de test n11', 'trick-de-test-n011', 'Lorem Ipsum is simply dummy text of the printing and typesetting industry. Lorem Ipsum has been the industry\'s standard dummy text ever since the 1500s, when an unknown printer took a galley of type and scrambled it to make a type specimen book. It has survived not only five centuries, but also the leap into electronic typesetting, remaining essentially unchanged. It was popularised in the 1960s with the release of Letraset sheets containing Lorem Ipsum passages, and more recently with desktop publishing software like Aldus PageMaker including versions of Lorem Ipsum.', '2023-03-22 01:43:50', '2023-03-22 01:43:50', NULL),
	(1126, 103, 296, 'Trick de test n12', 'trick-de-test-n012', 'Lorem Ipsum is simply dummy text of the printing and typesetting industry. Lorem Ipsum has been the industry\'s standard dummy text ever since the 1500s, when an unknown printer took a galley of type and scrambled it to make a type specimen book. It has survived not only five centuries, but also the leap into electronic typesetting, remaining essentially unchanged. It was popularised in the 1960s with the release of Letraset sheets containing Lorem Ipsum passages, and more recently with desktop publishing software like Aldus PageMaker including versions of Lorem Ipsum.', '2023-03-22 01:43:50', '2023-03-22 01:43:50', NULL),
	(1127, 101, 292, 'Trick de test n13', 'trick-de-test-n013', 'Lorem Ipsum is simply dummy text of the printing and typesetting industry. Lorem Ipsum has been the industry\'s standard dummy text ever since the 1500s, when an unknown printer took a galley of type and scrambled it to make a type specimen book. It has survived not only five centuries, but also the leap into electronic typesetting, remaining essentially unchanged. It was popularised in the 1960s with the release of Letraset sheets containing Lorem Ipsum passages, and more recently with desktop publishing software like Aldus PageMaker including versions of Lorem Ipsum.', '2023-03-22 01:43:50', '2023-03-22 01:43:50', NULL),
	(1128, 103, 290, 'Trick de test n14', 'trick-de-test-n014', 'Lorem Ipsum is simply dummy text of the printing and typesetting industry. Lorem Ipsum has been the industry\'s standard dummy text ever since the 1500s, when an unknown printer took a galley of type and scrambled it to make a type specimen book. It has survived not only five centuries, but also the leap into electronic typesetting, remaining essentially unchanged. It was popularised in the 1960s with the release of Letraset sheets containing Lorem Ipsum passages, and more recently with desktop publishing software like Aldus PageMaker including versions of Lorem Ipsum.', '2023-03-22 01:43:50', '2023-03-22 01:43:50', NULL),
	(1129, 104, 296, 'Trick de test n15', 'trick-de-test-n015', 'Lorem Ipsum is simply dummy text of the printing and typesetting industry. Lorem Ipsum has been the industry\'s standard dummy text ever since the 1500s, when an unknown printer took a galley of type and scrambled it to make a type specimen book. It has survived not only five centuries, but also the leap into electronic typesetting, remaining essentially unchanged. It was popularised in the 1960s with the release of Letraset sheets containing Lorem Ipsum passages, and more recently with desktop publishing software like Aldus PageMaker including versions of Lorem Ipsum.', '2023-03-22 01:43:50', '2023-03-22 01:43:50', NULL),
	(1130, 101, 295, 'Trick de test n16', 'trick-de-test-n016', 'Lorem Ipsum is simply dummy text of the printing and typesetting industry. Lorem Ipsum has been the industry\'s standard dummy text ever since the 1500s, when an unknown printer took a galley of type and scrambled it to make a type specimen book. It has survived not only five centuries, but also the leap into electronic typesetting, remaining essentially unchanged. It was popularised in the 1960s with the release of Letraset sheets containing Lorem Ipsum passages, and more recently with desktop publishing software like Aldus PageMaker including versions of Lorem Ipsum.', '2023-03-22 01:43:50', '2023-03-22 01:43:50', NULL),
	(1131, 101, 295, 'Trick de test n17', 'trick-de-test-n017', 'Lorem Ipsum is simply dummy text of the printing and typesetting industry. Lorem Ipsum has been the industry\'s standard dummy text ever since the 1500s, when an unknown printer took a galley of type and scrambled it to make a type specimen book. It has survived not only five centuries, but also the leap into electronic typesetting, remaining essentially unchanged. It was popularised in the 1960s with the release of Letraset sheets containing Lorem Ipsum passages, and more recently with desktop publishing software like Aldus PageMaker including versions of Lorem Ipsum.', '2023-03-22 01:43:50', '2023-03-22 01:43:50', NULL),
	(1132, 103, 293, 'Trick de test n18', 'trick-de-test-n018', 'Lorem Ipsum is simply dummy text of the printing and typesetting industry. Lorem Ipsum has been the industry\'s standard dummy text ever since the 1500s, when an unknown printer took a galley of type and scrambled it to make a type specimen book. It has survived not only five centuries, but also the leap into electronic typesetting, remaining essentially unchanged. It was popularised in the 1960s with the release of Letraset sheets containing Lorem Ipsum passages, and more recently with desktop publishing software like Aldus PageMaker including versions of Lorem Ipsum.', '2023-03-22 01:43:50', '2023-03-22 01:43:50', NULL),
	(1133, 103, 296, 'Trick de test n19', 'trick-de-test-n019', 'Lorem Ipsum is simply dummy text of the printing and typesetting industry. Lorem Ipsum has been the industry\'s standard dummy text ever since the 1500s, when an unknown printer took a galley of type and scrambled it to make a type specimen book. It has survived not only five centuries, but also the leap into electronic typesetting, remaining essentially unchanged. It was popularised in the 1960s with the release of Letraset sheets containing Lorem Ipsum passages, and more recently with desktop publishing software like Aldus PageMaker including versions of Lorem Ipsum.', '2023-03-22 01:43:50', '2023-03-22 01:43:50', NULL),
	(1134, 103, 292, 'Trick de test n20', 'trick-de-test-n020', 'Lorem Ipsum is simply dummy text of the printing and typesetting industry. Lorem Ipsum has been the industry\'s standard dummy text ever since the 1500s, when an unknown printer took a galley of type and scrambled it to make a type specimen book. It has survived not only five centuries, but also the leap into electronic typesetting, remaining essentially unchanged. It was popularised in the 1960s with the release of Letraset sheets containing Lorem Ipsum passages, and more recently with desktop publishing software like Aldus PageMaker including versions of Lorem Ipsum.', '2023-03-22 01:43:50', '2023-03-22 01:43:50', NULL),
	(1135, 102, 293, 'Trick de test n21', 'trick-de-test-n021', 'Lorem Ipsum is simply dummy text of the printing and typesetting industry. Lorem Ipsum has been the industry\'s standard dummy text ever since the 1500s, when an unknown printer took a galley of type and scrambled it to make a type specimen book. It has survived not only five centuries, but also the leap into electronic typesetting, remaining essentially unchanged. It was popularised in the 1960s with the release of Letraset sheets containing Lorem Ipsum passages, and more recently with desktop publishing software like Aldus PageMaker including versions of Lorem Ipsum.', '2023-03-22 01:43:50', '2023-03-22 01:43:50', NULL),
	(1136, 102, 297, 'Trick de test n22', 'trick-de-test-n022', 'Lorem Ipsum is simply dummy text of the printing and typesetting industry. Lorem Ipsum has been the industry\'s standard dummy text ever since the 1500s, when an unknown printer took a galley of type and scrambled it to make a type specimen book. It has survived not only five centuries, but also the leap into electronic typesetting, remaining essentially unchanged. It was popularised in the 1960s with the release of Letraset sheets containing Lorem Ipsum passages, and more recently with desktop publishing software like Aldus PageMaker including versions of Lorem Ipsum.', '2023-03-22 01:43:50', '2023-03-22 01:43:50', NULL),
	(1137, 102, 292, 'Trick de test n23', 'trick-de-test-n023', 'Lorem Ipsum is simply dummy text of the printing and typesetting industry. Lorem Ipsum has been the industry\'s standard dummy text ever since the 1500s, when an unknown printer took a galley of type and scrambled it to make a type specimen book. It has survived not only five centuries, but also the leap into electronic typesetting, remaining essentially unchanged. It was popularised in the 1960s with the release of Letraset sheets containing Lorem Ipsum passages, and more recently with desktop publishing software like Aldus PageMaker including versions of Lorem Ipsum.', '2023-03-22 01:43:50', '2023-03-22 01:43:50', NULL),
	(1138, 103, 293, 'Trick de test n24', 'trick-de-test-n024', 'Lorem Ipsum is simply dummy text of the printing and typesetting industry. Lorem Ipsum has been the industry\'s standard dummy text ever since the 1500s, when an unknown printer took a galley of type and scrambled it to make a type specimen book. It has survived not only five centuries, but also the leap into electronic typesetting, remaining essentially unchanged. It was popularised in the 1960s with the release of Letraset sheets containing Lorem Ipsum passages, and more recently with desktop publishing software like Aldus PageMaker including versions of Lorem Ipsum.', '2023-03-22 01:43:50', '2023-03-22 01:43:50', NULL),
	(1139, 104, 294, 'Trick de test n25', 'trick-de-test-n025', 'Lorem Ipsum is simply dummy text of the printing and typesetting industry. Lorem Ipsum has been the industry\'s standard dummy text ever since the 1500s, when an unknown printer took a galley of type and scrambled it to make a type specimen book. It has survived not only five centuries, but also the leap into electronic typesetting, remaining essentially unchanged. It was popularised in the 1960s with the release of Letraset sheets containing Lorem Ipsum passages, and more recently with desktop publishing software like Aldus PageMaker including versions of Lorem Ipsum.', '2023-03-22 01:43:50', '2023-03-22 01:43:50', NULL),
	(1140, 101, 293, 'Trick de test n26', 'trick-de-test-n026', 'Lorem Ipsum is simply dummy text of the printing and typesetting industry. Lorem Ipsum has been the industry\'s standard dummy text ever since the 1500s, when an unknown printer took a galley of type and scrambled it to make a type specimen book. It has survived not only five centuries, but also the leap into electronic typesetting, remaining essentially unchanged. It was popularised in the 1960s with the release of Letraset sheets containing Lorem Ipsum passages, and more recently with desktop publishing software like Aldus PageMaker including versions of Lorem Ipsum.', '2023-03-22 01:43:50', '2023-03-22 01:43:50', NULL),
	(1141, 103, 295, 'Trick de test n27', 'trick-de-test-n027', 'Lorem Ipsum is simply dummy text of the printing and typesetting industry. Lorem Ipsum has been the industry\'s standard dummy text ever since the 1500s, when an unknown printer took a galley of type and scrambled it to make a type specimen book. It has survived not only five centuries, but also the leap into electronic typesetting, remaining essentially unchanged. It was popularised in the 1960s with the release of Letraset sheets containing Lorem Ipsum passages, and more recently with desktop publishing software like Aldus PageMaker including versions of Lorem Ipsum.', '2023-03-22 01:43:50', '2023-03-22 01:43:50', NULL),
	(1142, 101, 295, 'Trick de test n28', 'trick-de-test-n028', 'Lorem Ipsum is simply dummy text of the printing and typesetting industry. Lorem Ipsum has been the industry\'s standard dummy text ever since the 1500s, when an unknown printer took a galley of type and scrambled it to make a type specimen book. It has survived not only five centuries, but also the leap into electronic typesetting, remaining essentially unchanged. It was popularised in the 1960s with the release of Letraset sheets containing Lorem Ipsum passages, and more recently with desktop publishing software like Aldus PageMaker including versions of Lorem Ipsum.', '2023-03-22 01:43:50', '2023-03-22 01:43:50', NULL),
	(1143, 104, 289, 'Trick de test n29', 'trick-de-test-n029', 'Lorem Ipsum is simply dummy text of the printing and typesetting industry. Lorem Ipsum has been the industry\'s standard dummy text ever since the 1500s, when an unknown printer took a galley of type and scrambled it to make a type specimen book. It has survived not only five centuries, but also the leap into electronic typesetting, remaining essentially unchanged. It was popularised in the 1960s with the release of Letraset sheets containing Lorem Ipsum passages, and more recently with desktop publishing software like Aldus PageMaker including versions of Lorem Ipsum.', '2023-03-22 01:43:50', '2023-03-22 01:43:50', NULL),
	(1144, 103, 293, 'Trick de test n30', 'trick-de-test-n030', 'Lorem Ipsum is simply dummy text of the printing and typesetting industry. Lorem Ipsum has been the industry\'s standard dummy text ever since the 1500s, when an unknown printer took a galley of type and scrambled it to make a type specimen book. It has survived not only five centuries, but also the leap into electronic typesetting, remaining essentially unchanged. It was popularised in the 1960s with the release of Letraset sheets containing Lorem Ipsum passages, and more recently with desktop publishing software like Aldus PageMaker including versions of Lorem Ipsum.', '2023-03-22 01:43:50', '2023-03-22 01:43:50', NULL),
	(1145, 101, 297, 'Trick de test n31', 'trick-de-test-n031', 'Lorem Ipsum is simply dummy text of the printing and typesetting industry. Lorem Ipsum has been the industry\'s standard dummy text ever since the 1500s, when an unknown printer took a galley of type and scrambled it to make a type specimen book. It has survived not only five centuries, but also the leap into electronic typesetting, remaining essentially unchanged. It was popularised in the 1960s with the release of Letraset sheets containing Lorem Ipsum passages, and more recently with desktop publishing software like Aldus PageMaker including versions of Lorem Ipsum.', '2023-03-22 01:43:50', '2023-03-22 01:43:50', NULL),
	(1146, 103, 290, 'Trick de test n32', 'trick-de-test-n032', 'Lorem Ipsum is simply dummy text of the printing and typesetting industry. Lorem Ipsum has been the industry\'s standard dummy text ever since the 1500s, when an unknown printer took a galley of type and scrambled it to make a type specimen book. It has survived not only five centuries, but also the leap into electronic typesetting, remaining essentially unchanged. It was popularised in the 1960s with the release of Letraset sheets containing Lorem Ipsum passages, and more recently with desktop publishing software like Aldus PageMaker including versions of Lorem Ipsum.', '2023-03-22 01:43:50', '2023-03-22 01:43:50', NULL),
	(1147, 101, 295, 'Trick de test n33', 'trick-de-test-n033', 'Lorem Ipsum is simply dummy text of the printing and typesetting industry. Lorem Ipsum has been the industry\'s standard dummy text ever since the 1500s, when an unknown printer took a galley of type and scrambled it to make a type specimen book. It has survived not only five centuries, but also the leap into electronic typesetting, remaining essentially unchanged. It was popularised in the 1960s with the release of Letraset sheets containing Lorem Ipsum passages, and more recently with desktop publishing software like Aldus PageMaker including versions of Lorem Ipsum.', '2023-03-22 01:43:50', '2023-03-22 01:43:50', NULL),
	(1148, 103, 290, 'Trick de test n34', 'trick-de-test-n034', 'Lorem Ipsum is simply dummy text of the printing and typesetting industry. Lorem Ipsum has been the industry\'s standard dummy text ever since the 1500s, when an unknown printer took a galley of type and scrambled it to make a type specimen book. It has survived not only five centuries, but also the leap into electronic typesetting, remaining essentially unchanged. It was popularised in the 1960s with the release of Letraset sheets containing Lorem Ipsum passages, and more recently with desktop publishing software like Aldus PageMaker including versions of Lorem Ipsum.', '2023-03-22 01:43:50', '2023-03-22 01:43:50', NULL),
	(1149, 101, 294, 'Trick de test n35', 'trick-de-test-n035', 'Lorem Ipsum is simply dummy text of the printing and typesetting industry. Lorem Ipsum has been the industry\'s standard dummy text ever since the 1500s, when an unknown printer took a galley of type and scrambled it to make a type specimen book. It has survived not only five centuries, but also the leap into electronic typesetting, remaining essentially unchanged. It was popularised in the 1960s with the release of Letraset sheets containing Lorem Ipsum passages, and more recently with desktop publishing software like Aldus PageMaker including versions of Lorem Ipsum.', '2023-03-22 01:43:50', '2023-03-22 01:43:50', NULL);
/*!40000 ALTER TABLE `trick` ENABLE KEYS */;

-- Dumping structure for table snowtricks.trick_category
CREATE TABLE IF NOT EXISTS `trick_category` (
  `id` int NOT NULL AUTO_INCREMENT,
  `name` varchar(100) COLLATE utf8mb4_unicode_ci NOT NULL,
  PRIMARY KEY (`id`)
) ENGINE=InnoDB AUTO_INCREMENT=105 DEFAULT CHARSET=utf8mb4 COLLATE=utf8mb4_unicode_ci;

-- Dumping data for table snowtricks.trick_category: ~4 rows (approximately)
DELETE FROM `trick_category`;
/*!40000 ALTER TABLE `trick_category` DISABLE KEYS */;
INSERT INTO `trick_category` (`id`, `name`) VALUES
	(101, 'Grabs'),
	(102, 'Rotations'),
	(103, 'Flips'),
	(104, 'Slides');
/*!40000 ALTER TABLE `trick_category` ENABLE KEYS */;

-- Dumping structure for table snowtricks.trick_image
CREATE TABLE IF NOT EXISTS `trick_image` (
  `id` int NOT NULL AUTO_INCREMENT,
  `trick_id` int NOT NULL,
  `name` varchar(255) COLLATE utf8mb4_unicode_ci NOT NULL,
  PRIMARY KEY (`id`),
  KEY `IDX_E1204E0B281BE2E` (`trick_id`),
  CONSTRAINT `FK_E1204E0B281BE2E` FOREIGN KEY (`trick_id`) REFERENCES `trick` (`id`)
) ENGINE=InnoDB AUTO_INCREMENT=562 DEFAULT CHARSET=utf8mb4 COLLATE=utf8mb4_unicode_ci;

-- Dumping data for table snowtricks.trick_image: ~45 rows (approximately)
DELETE FROM `trick_image`;
/*!40000 ALTER TABLE `trick_image` DISABLE KEYS */;
INSERT INTO `trick_image` (`id`, `trick_id`, `name`) VALUES
	(517, 1105, 'TrickFixture.jpg'),
	(518, 1106, 'TrickFixture.jpg'),
	(519, 1107, 'TrickFixture.jpg'),
	(520, 1108, 'TrickFixture.jpg'),
	(521, 1109, 'TrickFixture.jpg'),
	(522, 1110, 'TrickFixture.jpg'),
	(523, 1111, 'TrickFixture.jpg'),
	(524, 1112, 'TrickFixture.jpg'),
	(525, 1113, 'TrickFixture.jpg'),
	(526, 1114, 'TrickFixture.jpg'),
	(527, 1115, 'TrickFixture.jpg'),
	(528, 1116, 'TrickFixture.jpg'),
	(529, 1117, 'TrickFixture.jpg'),
	(530, 1118, 'TrickFixture.jpg'),
	(531, 1119, 'TrickFixture.jpg'),
	(532, 1120, 'TrickFixture.jpg'),
	(533, 1121, 'TrickFixture.jpg'),
	(534, 1122, 'TrickFixture.jpg'),
	(535, 1123, 'TrickFixture.jpg'),
	(536, 1124, 'TrickFixture.jpg'),
	(537, 1125, 'TrickFixture.jpg'),
	(538, 1126, 'TrickFixture.jpg'),
	(539, 1127, 'TrickFixture.jpg'),
	(540, 1128, 'TrickFixture.jpg'),
	(541, 1129, 'TrickFixture.jpg'),
	(542, 1130, 'TrickFixture.jpg'),
	(543, 1131, 'TrickFixture.jpg'),
	(544, 1132, 'TrickFixture.jpg'),
	(545, 1133, 'TrickFixture.jpg'),
	(546, 1134, 'TrickFixture.jpg'),
	(547, 1135, 'TrickFixture.jpg'),
	(548, 1136, 'TrickFixture.jpg'),
	(549, 1137, 'TrickFixture.jpg'),
	(550, 1138, 'TrickFixture.jpg'),
	(551, 1139, 'TrickFixture.jpg'),
	(552, 1140, 'TrickFixture.jpg'),
	(553, 1141, 'TrickFixture.jpg'),
	(554, 1142, 'TrickFixture.jpg'),
	(555, 1143, 'TrickFixture.jpg'),
	(556, 1144, 'TrickFixture.jpg'),
	(557, 1145, 'TrickFixture.jpg'),
	(558, 1146, 'TrickFixture.jpg'),
	(559, 1147, 'TrickFixture.jpg'),
	(560, 1148, 'TrickFixture.jpg'),
	(561, 1149, 'TrickFixture.jpg');
/*!40000 ALTER TABLE `trick_image` ENABLE KEYS */;

-- Dumping structure for table snowtricks.trick_video
CREATE TABLE IF NOT EXISTS `trick_video` (
  `id` int NOT NULL AUTO_INCREMENT,
  `trick_id` int NOT NULL,
  `url` varchar(255) COLLATE utf8mb4_unicode_ci NOT NULL,
  PRIMARY KEY (`id`),
  KEY `IDX_B7E8DA93B281BE2E` (`trick_id`),
  CONSTRAINT `FK_B7E8DA93B281BE2E` FOREIGN KEY (`trick_id`) REFERENCES `trick` (`id`)
) ENGINE=InnoDB AUTO_INCREMENT=468 DEFAULT CHARSET=utf8mb4 COLLATE=utf8mb4_unicode_ci;

-- Dumping data for table snowtricks.trick_video: ~45 rows (approximately)
DELETE FROM `trick_video`;
/*!40000 ALTER TABLE `trick_video` DISABLE KEYS */;
INSERT INTO `trick_video` (`id`, `trick_id`, `url`) VALUES
	(423, 1105, 'https://www.youtube.com/embed/V9xuy-rVj9w'),
	(424, 1106, 'https://www.youtube.com/embed/V9xuy-rVj9w'),
	(425, 1107, 'https://www.youtube.com/embed/V9xuy-rVj9w'),
	(426, 1108, 'https://www.youtube.com/embed/V9xuy-rVj9w'),
	(427, 1109, 'https://www.youtube.com/embed/V9xuy-rVj9w'),
	(428, 1110, 'https://www.youtube.com/embed/V9xuy-rVj9w'),
	(429, 1111, 'https://www.youtube.com/embed/V9xuy-rVj9w'),
	(430, 1112, 'https://www.youtube.com/embed/V9xuy-rVj9w'),
	(431, 1113, 'https://www.youtube.com/embed/V9xuy-rVj9w'),
	(432, 1114, 'https://www.youtube.com/embed/V9xuy-rVj9w'),
	(433, 1115, 'https://www.youtube.com/embed/V9xuy-rVj9w'),
	(434, 1116, 'https://www.youtube.com/embed/V9xuy-rVj9w'),
	(435, 1117, 'https://www.youtube.com/embed/V9xuy-rVj9w'),
	(436, 1118, 'https://www.youtube.com/embed/V9xuy-rVj9w'),
	(437, 1119, 'https://www.youtube.com/embed/V9xuy-rVj9w'),
	(438, 1120, 'https://www.youtube.com/embed/V9xuy-rVj9w'),
	(439, 1121, 'https://www.youtube.com/embed/V9xuy-rVj9w'),
	(440, 1122, 'https://www.youtube.com/embed/V9xuy-rVj9w'),
	(441, 1123, 'https://www.youtube.com/embed/V9xuy-rVj9w'),
	(442, 1124, 'https://www.youtube.com/embed/V9xuy-rVj9w'),
	(443, 1125, 'https://www.youtube.com/embed/V9xuy-rVj9w'),
	(444, 1126, 'https://www.youtube.com/embed/V9xuy-rVj9w'),
	(445, 1127, 'https://www.youtube.com/embed/V9xuy-rVj9w'),
	(446, 1128, 'https://www.youtube.com/embed/V9xuy-rVj9w'),
	(447, 1129, 'https://www.youtube.com/embed/V9xuy-rVj9w'),
	(448, 1130, 'https://www.youtube.com/embed/V9xuy-rVj9w'),
	(449, 1131, 'https://www.youtube.com/embed/V9xuy-rVj9w'),
	(450, 1132, 'https://www.youtube.com/embed/V9xuy-rVj9w'),
	(451, 1133, 'https://www.youtube.com/embed/V9xuy-rVj9w'),
	(452, 1134, 'https://www.youtube.com/embed/V9xuy-rVj9w'),
	(453, 1135, 'https://www.youtube.com/embed/V9xuy-rVj9w'),
	(454, 1136, 'https://www.youtube.com/embed/V9xuy-rVj9w'),
	(455, 1137, 'https://www.youtube.com/embed/V9xuy-rVj9w'),
	(456, 1138, 'https://www.youtube.com/embed/V9xuy-rVj9w'),
	(457, 1139, 'https://www.youtube.com/embed/V9xuy-rVj9w'),
	(458, 1140, 'https://www.youtube.com/embed/V9xuy-rVj9w'),
	(459, 1141, 'https://www.youtube.com/embed/V9xuy-rVj9w'),
	(460, 1142, 'https://www.youtube.com/embed/V9xuy-rVj9w'),
	(461, 1143, 'https://www.youtube.com/embed/V9xuy-rVj9w'),
	(462, 1144, 'https://www.youtube.com/embed/V9xuy-rVj9w'),
	(463, 1145, 'https://www.youtube.com/embed/V9xuy-rVj9w'),
	(464, 1146, 'https://www.youtube.com/embed/V9xuy-rVj9w'),
	(465, 1147, 'https://www.youtube.com/embed/V9xuy-rVj9w'),
	(466, 1148, 'https://www.youtube.com/embed/V9xuy-rVj9w'),
	(467, 1149, 'https://www.youtube.com/embed/V9xuy-rVj9w');
/*!40000 ALTER TABLE `trick_video` ENABLE KEYS */;

-- Dumping structure for table snowtricks.user
CREATE TABLE IF NOT EXISTS `user` (
  `id` int NOT NULL AUTO_INCREMENT,
  `username` varchar(180) COLLATE utf8mb4_unicode_ci NOT NULL,
  `roles` json NOT NULL,
  `password` varchar(255) COLLATE utf8mb4_unicode_ci NOT NULL,
  `email` varchar(255) COLLATE utf8mb4_unicode_ci NOT NULL,
  `profile_picture` varchar(255) COLLATE utf8mb4_unicode_ci NOT NULL DEFAULT 'default.jpg',
  `is_verified` tinyint(1) NOT NULL,
  `reset_token` varchar(100) COLLATE utf8mb4_unicode_ci DEFAULT NULL,
  `created_at` datetime NOT NULL DEFAULT CURRENT_TIMESTAMP COMMENT '(DC2Type:datetime_immutable)',
  PRIMARY KEY (`id`),
  UNIQUE KEY `UNIQ_8D93D649F85E0677` (`username`),
  UNIQUE KEY `UNIQ_8D93D649E7927C74` (`email`)
) ENGINE=InnoDB AUTO_INCREMENT=298 DEFAULT CHARSET=utf8mb4 COLLATE=utf8mb4_unicode_ci;

-- Dumping data for table snowtricks.user: ~11 rows (approximately)
DELETE FROM `user`;
/*!40000 ALTER TABLE `user` DISABLE KEYS */;
INSERT INTO `user` (`id`, `username`, `roles`, `password`, `email`, `profile_picture`, `is_verified`, `reset_token`, `created_at`) VALUES
	(287, 'admin', '["ROLE_ADMIN"]', '$2y$13$3qlfJ/uVBkj8Aiyt4vIANOohzPPlSPFMIAN0BvBhRKXoylYmFilAG', 'admin@email.com', 'default.jpg', 1, NULL, '2023-03-22 01:43:45'),
	(288, 'roland59', '[]', '$2y$13$EwcVrO3.lU0fJ26WdK9/sehNY641iAXpDhtOgPWl3hikYldDpvTwi', 'jerome.gilles@laposte.net', 'default.jpg', 1, NULL, '2023-03-22 01:43:45'),
	(289, 'margot.laurent', '[]', '$2y$13$0AknMI/1dIUVvWGLe7vYde/V1eSC0OSaRs8MqQK.OD2TmQZHB4Zxa', 'kgarcia@bigot.fr', 'default.jpg', 1, NULL, '2023-03-22 01:43:46'),
	(290, 'caron.gerard', '[]', '$2y$13$FF2SZqK42hK7J438fUX26OUURwc4iga.AG30Y97BLc2homwAP6k4y', 'jpottier@dijoux.fr', 'default.jpg', 1, NULL, '2023-03-22 01:43:46'),
	(291, 'amoreau', '[]', '$2y$13$S61nnfJ7XRlIu49NzuWn5usSp1MSm8/DBHDQ0PcFcqwI41XRQUZTC', 'morel.rene@jourdan.fr', 'default.jpg', 1, NULL, '2023-03-22 01:43:47'),
	(292, 'elisabeth76', '[]', '$2y$13$8klPR4I5n7ChFW5DYTBOguoiM/bH/pPv2IjpHRKvhIp.pUnuTyKAy', 'alfred.charrier@hotmail.fr', 'default.jpg', 1, NULL, '2023-03-22 01:43:47'),
	(293, 'barbe.martin', '[]', '$2y$13$KCLopL4kFzjnC.P9YGpheOgvh6RNEnt2rgA/dxEYkUuOLKZKjaZ4W', 'dumas.agathe@hebert.com', 'default.jpg', 1, NULL, '2023-03-22 01:43:48'),
	(294, 'simone.charrier', '[]', '$2y$13$N9FomzJi9RkGnRx0VoziQuX8eKx/ELPwWH6RIKvLITDs8AbzfQPyG', 'hmenard@roussel.fr', 'default.jpg', 1, NULL, '2023-03-22 01:43:48'),
	(295, 'wrocher', '[]', '$2y$13$zvCYV6pHZgXJqkaQjZKDGuXk9BJCrYyhGXH5JzRwQhSCYqNrNGUXO', 'martin.amelie@paul.com', 'default.jpg', 1, NULL, '2023-03-22 01:43:49'),
	(296, 'christiane49', '[]', '$2y$13$1Ie3BxPDJKQM.wlp6ysjA.ekAqvl0T.8KrsN.H6tw/ayiOoOPnPjS', 'aarnaud@pereira.fr', 'default.jpg', 1, NULL, '2023-03-22 01:43:49'),
	(297, 'pierre.chauvet', '[]', '$2y$13$YtJRoYLLJZo.o5B6CYPoXOP5gG3dW8DH9Kv2/gn6tlU58JNETGjv.', 'ppruvost@free.fr', 'default.jpg', 1, NULL, '2023-03-22 01:43:50');
/*!40000 ALTER TABLE `user` ENABLE KEYS */;

/*!40101 SET SQL_MODE=IFNULL(@OLD_SQL_MODE, '') */;
/*!40014 SET FOREIGN_KEY_CHECKS=IFNULL(@OLD_FOREIGN_KEY_CHECKS, 1) */;
/*!40101 SET CHARACTER_SET_CLIENT=@OLD_CHARACTER_SET_CLIENT */;
/*!40111 SET SQL_NOTES=IFNULL(@OLD_SQL_NOTES, 1) */;
